<annotation>
	<folder>gato</folder>
	<filename>gato103.jpg</filename>
	<path>C:\Users\alici\Downloads\gato\gato103.jpg</path>
	<source>
		<database>Unknown</database>
	</source>
	<size>
		<width>233</width>
		<height>216</height>
		<depth>3</depth>
	</size>
	<segmented>0</segmented>
	<object>
		<name>cat</name>
		<pose>Unspecified</pose>
		<truncated>1</truncated>
		<difficult>0</difficult>
		<bndbox>
			<xmin>21</xmin>
			<ymin>1</ymin>
			<xmax>222</xmax>
			<ymax>211</ymax>
		</bndbox>
	</object>
</annotation>
