<annotation>
	<folder>gatos</folder>
	<filename>gato227.jpg</filename>
	<path>C:\Users\alici\OneDrive\Escritorio\gatos\gato227.jpg</path>
	<source>
		<database>Unknown</database>
	</source>
	<size>
		<width>526</width>
		<height>1124</height>
		<depth>3</depth>
	</size>
	<segmented>0</segmented>
	<object>
		<name>cat</name>
		<pose>Unspecified</pose>
		<truncated>1</truncated>
		<difficult>0</difficult>
		<bndbox>
			<xmin>1</xmin>
			<ymin>59</ymin>
			<xmax>518</xmax>
			<ymax>1098</ymax>
		</bndbox>
	</object>
</annotation>
