<annotation>
	<folder>Gato</folder>
	<filename>gato36.png</filename>
	<path>C:/Users/anago/OneDrive - Universidad Técnica Federico Santa María/Doggesdelapobla/Clasificador/Dataset/Gato/gato36.png</path>
	<source>
		<database>Unknown</database>
	</source>
	<size>
		<width>600</width>
		<height>315</height>
		<depth>3</depth>
	</size>
	<segmented>0</segmented>
	<object>
		<name>cat</name>
		<pose>Unspecified</pose>
		<truncated>1</truncated>
		<difficult>0</difficult>
		<bndbox>
			<xmin>174</xmin>
			<ymin>11</ymin>
			<xmax>475</xmax>
			<ymax>315</ymax>
		</bndbox>
	</object>
</annotation>
