<annotation>
	<folder>gato</folder>
	<filename>gato176.jpg</filename>
	<path>C:\Users\alici\Downloads\gato\gato176.jpg</path>
	<source>
		<database>Unknown</database>
	</source>
	<size>
		<width>960</width>
		<height>540</height>
		<depth>3</depth>
	</size>
	<segmented>0</segmented>
	<object>
		<name>cat</name>
		<pose>Unspecified</pose>
		<truncated>1</truncated>
		<difficult>0</difficult>
		<bndbox>
			<xmin>176</xmin>
			<ymin>19</ymin>
			<xmax>960</xmax>
			<ymax>505</ymax>
		</bndbox>
	</object>
</annotation>
