<annotation>
	<folder>gato</folder>
	<filename>gato111.jpg</filename>
	<path>C:\Users\alici\Downloads\gato\gato111.jpg</path>
	<source>
		<database>Unknown</database>
	</source>
	<size>
		<width>600</width>
		<height>399</height>
		<depth>3</depth>
	</size>
	<segmented>0</segmented>
	<object>
		<name>cat</name>
		<pose>Unspecified</pose>
		<truncated>0</truncated>
		<difficult>0</difficult>
		<bndbox>
			<xmin>269</xmin>
			<ymin>126</ymin>
			<xmax>449</xmax>
			<ymax>345</ymax>
		</bndbox>
	</object>
	<object>
		<name>cat</name>
		<pose>Unspecified</pose>
		<truncated>0</truncated>
		<difficult>0</difficult>
		<bndbox>
			<xmin>24</xmin>
			<ymin>187</ymin>
			<xmax>166</xmax>
			<ymax>327</ymax>
		</bndbox>
	</object>
	<object>
		<name>cat</name>
		<pose>Unspecified</pose>
		<truncated>0</truncated>
		<difficult>0</difficult>
		<bndbox>
			<xmin>118</xmin>
			<ymin>143</ymin>
			<xmax>264</xmax>
			<ymax>236</ymax>
		</bndbox>
	</object>
</annotation>
