<annotation>
	<folder>gato</folder>
	<filename>gato131.jpg</filename>
	<path>C:\Users\alici\Downloads\gato\gato131.jpg</path>
	<source>
		<database>Unknown</database>
	</source>
	<size>
		<width>600</width>
		<height>399</height>
		<depth>3</depth>
	</size>
	<segmented>0</segmented>
	<object>
		<name>cat</name>
		<pose>Unspecified</pose>
		<truncated>0</truncated>
		<difficult>0</difficult>
		<bndbox>
			<xmin>270</xmin>
			<ymin>122</ymin>
			<xmax>452</xmax>
			<ymax>345</ymax>
		</bndbox>
	</object>
	<object>
		<name>cat</name>
		<pose>Unspecified</pose>
		<truncated>0</truncated>
		<difficult>0</difficult>
		<bndbox>
			<xmin>29</xmin>
			<ymin>183</ymin>
			<xmax>162</xmax>
			<ymax>328</ymax>
		</bndbox>
	</object>
	<object>
		<name>cat</name>
		<pose>Unspecified</pose>
		<truncated>0</truncated>
		<difficult>0</difficult>
		<bndbox>
			<xmin>133</xmin>
			<ymin>147</ymin>
			<xmax>268</xmax>
			<ymax>217</ymax>
		</bndbox>
	</object>
</annotation>
