<annotation>
	<folder>gato</folder>
	<filename>gato129.jpg</filename>
	<path>C:\Users\alici\Downloads\gato\gato129.jpg</path>
	<source>
		<database>Unknown</database>
	</source>
	<size>
		<width>720</width>
		<height>378</height>
		<depth>3</depth>
	</size>
	<segmented>0</segmented>
	<object>
		<name>cat</name>
		<pose>Unspecified</pose>
		<truncated>0</truncated>
		<difficult>0</difficult>
		<bndbox>
			<xmin>155</xmin>
			<ymin>51</ymin>
			<xmax>406</xmax>
			<ymax>343</ymax>
		</bndbox>
	</object>
</annotation>
