<annotation>
	<folder>gatos</folder>
	<filename>gato256.jpg</filename>
	<path>C:\Users\alici\OneDrive\Escritorio\gatos\gato256.jpg</path>
	<source>
		<database>Unknown</database>
	</source>
	<size>
		<width>450</width>
		<height>600</height>
		<depth>3</depth>
	</size>
	<segmented>0</segmented>
	<object>
		<name>cat</name>
		<pose>Unspecified</pose>
		<truncated>0</truncated>
		<difficult>0</difficult>
		<bndbox>
			<xmin>114</xmin>
			<ymin>110</ymin>
			<xmax>436</xmax>
			<ymax>595</ymax>
		</bndbox>
	</object>
</annotation>
