<annotation>
	<folder>gatos</folder>
	<filename>gato232.jpg</filename>
	<path>C:\Users\alici\OneDrive\Escritorio\gatos\gato232.jpg</path>
	<source>
		<database>Unknown</database>
	</source>
	<size>
		<width>480</width>
		<height>600</height>
		<depth>3</depth>
	</size>
	<segmented>0</segmented>
	<object>
		<name>cat</name>
		<pose>Unspecified</pose>
		<truncated>0</truncated>
		<difficult>0</difficult>
		<bndbox>
			<xmin>15</xmin>
			<ymin>81</ymin>
			<xmax>479</xmax>
			<ymax>585</ymax>
		</bndbox>
	</object>
</annotation>
