<annotation>
	<folder>gato</folder>
	<filename>gato133.jpg</filename>
	<path>C:\Users\alici\Downloads\gato\gato133.jpg</path>
	<source>
		<database>Unknown</database>
	</source>
	<size>
		<width>700</width>
		<height>359</height>
		<depth>3</depth>
	</size>
	<segmented>0</segmented>
	<object>
		<name>cat</name>
		<pose>Unspecified</pose>
		<truncated>0</truncated>
		<difficult>0</difficult>
		<bndbox>
			<xmin>115</xmin>
			<ymin>21</ymin>
			<xmax>619</xmax>
			<ymax>338</ymax>
		</bndbox>
	</object>
</annotation>
