<annotation>
	<folder>gato</folder>
	<filename>gato118.jpg</filename>
	<path>C:\Users\alici\Downloads\gato\gato118.jpg</path>
	<source>
		<database>Unknown</database>
	</source>
	<size>
		<width>320</width>
		<height>213</height>
		<depth>3</depth>
	</size>
	<segmented>0</segmented>
	<object>
		<name>cat</name>
		<pose>Unspecified</pose>
		<truncated>0</truncated>
		<difficult>0</difficult>
		<bndbox>
			<xmin>172</xmin>
			<ymin>74</ymin>
			<xmax>304</xmax>
			<ymax>173</ymax>
		</bndbox>
	</object>
</annotation>
