<annotation>
	<folder>gatos</folder>
	<filename>gato300.jpg</filename>
	<path>C:\Users\alici\OneDrive\Escritorio\gatos\gato300.jpg</path>
	<source>
		<database>Unknown</database>
	</source>
	<size>
		<width>526</width>
		<height>935</height>
		<depth>3</depth>
	</size>
	<segmented>0</segmented>
	<object>
		<name>cat</name>
		<pose>Unspecified</pose>
		<truncated>0</truncated>
		<difficult>0</difficult>
		<bndbox>
			<xmin>133</xmin>
			<ymin>363</ymin>
			<xmax>427</xmax>
			<ymax>523</ymax>
		</bndbox>
	</object>
</annotation>
