<annotation>
	<folder>gato</folder>
	<filename>gato106.jpg</filename>
	<path>C:\Users\alici\Downloads\gato\gato106.jpg</path>
	<source>
		<database>Unknown</database>
	</source>
	<size>
		<width>369</width>
		<height>136</height>
		<depth>3</depth>
	</size>
	<segmented>0</segmented>
	<object>
		<name>cat</name>
		<pose>Unspecified</pose>
		<truncated>0</truncated>
		<difficult>0</difficult>
		<bndbox>
			<xmin>20</xmin>
			<ymin>8</ymin>
			<xmax>325</xmax>
			<ymax>122</ymax>
		</bndbox>
	</object>
</annotation>
