<annotation>
	<folder>gatos</folder>
	<filename>gato259.jpg</filename>
	<path>C:\Users\alici\OneDrive\Escritorio\gatos\gato259.jpg</path>
	<source>
		<database>Unknown</database>
	</source>
	<size>
		<width>160</width>
		<height>213</height>
		<depth>3</depth>
	</size>
	<segmented>0</segmented>
	<object>
		<name>cat</name>
		<pose>Unspecified</pose>
		<truncated>1</truncated>
		<difficult>0</difficult>
		<bndbox>
			<xmin>1</xmin>
			<ymin>26</ymin>
			<xmax>131</xmax>
			<ymax>156</ymax>
		</bndbox>
	</object>
</annotation>
