<annotation>
	<folder>gatos</folder>
	<filename>gato285.jpg</filename>
	<path>C:\Users\alici\OneDrive\Escritorio\gatos\gato285.jpg</path>
	<source>
		<database>Unknown</database>
	</source>
	<size>
		<width>1440</width>
		<height>1440</height>
		<depth>3</depth>
	</size>
	<segmented>0</segmented>
	<object>
		<name>cat</name>
		<pose>Unspecified</pose>
		<truncated>0</truncated>
		<difficult>0</difficult>
		<bndbox>
			<xmin>28</xmin>
			<ymin>55</ymin>
			<xmax>1165</xmax>
			<ymax>1375</ymax>
		</bndbox>
	</object>
</annotation>
