<annotation>
	<folder>gato</folder>
	<filename>gato130.jpg</filename>
	<path>C:\Users\alici\Downloads\gato\gato130.jpg</path>
	<source>
		<database>Unknown</database>
	</source>
	<size>
		<width>1200</width>
		<height>630</height>
		<depth>3</depth>
	</size>
	<segmented>0</segmented>
	<object>
		<name>cat</name>
		<pose>Unspecified</pose>
		<truncated>1</truncated>
		<difficult>0</difficult>
		<bndbox>
			<xmin>244</xmin>
			<ymin>1</ymin>
			<xmax>563</xmax>
			<ymax>628</ymax>
		</bndbox>
	</object>
	<object>
		<name>cat</name>
		<pose>Unspecified</pose>
		<truncated>0</truncated>
		<difficult>0</difficult>
		<bndbox>
			<xmin>526</xmin>
			<ymin>103</ymin>
			<xmax>1022</xmax>
			<ymax>581</ymax>
		</bndbox>
	</object>
</annotation>
