<annotation>
	<folder>gato</folder>
	<filename>gato135.jpg</filename>
	<path>C:\Users\alici\Downloads\gato\gato135.jpg</path>
	<source>
		<database>Unknown</database>
	</source>
	<size>
		<width>1200</width>
		<height>675</height>
		<depth>3</depth>
	</size>
	<segmented>0</segmented>
	<object>
		<name>cat</name>
		<pose>Unspecified</pose>
		<truncated>0</truncated>
		<difficult>0</difficult>
		<bndbox>
			<xmin>562</xmin>
			<ymin>37</ymin>
			<xmax>960</xmax>
			<ymax>601</ymax>
		</bndbox>
	</object>
</annotation>
