<annotation>
	<folder>gato</folder>
	<filename>gato150.jpg</filename>
	<path>C:\Users\alici\Downloads\gato\gato150.jpg</path>
	<source>
		<database>Unknown</database>
	</source>
	<size>
		<width>1280</width>
		<height>720</height>
		<depth>3</depth>
	</size>
	<segmented>0</segmented>
	<object>
		<name>cat</name>
		<pose>Unspecified</pose>
		<truncated>0</truncated>
		<difficult>0</difficult>
		<bndbox>
			<xmin>616</xmin>
			<ymin>322</ymin>
			<xmax>1221</xmax>
			<ymax>714</ymax>
		</bndbox>
	</object>
</annotation>
