<annotation>
	<folder>gato</folder>
	<filename>gato192.jpg</filename>
	<path>C:\Users\alici\Downloads\gato\gato192.jpg</path>
	<source>
		<database>Unknown</database>
	</source>
	<size>
		<width>370</width>
		<height>247</height>
		<depth>3</depth>
	</size>
	<segmented>0</segmented>
	<object>
		<name>cat</name>
		<pose>Unspecified</pose>
		<truncated>0</truncated>
		<difficult>0</difficult>
		<bndbox>
			<xmin>135</xmin>
			<ymin>31</ymin>
			<xmax>299</xmax>
			<ymax>229</ymax>
		</bndbox>
	</object>
</annotation>
