<annotation>
	<folder>gatos</folder>
	<filename>gato249.jpg</filename>
	<path>C:\Users\alici\OneDrive\Escritorio\gatos\gato249.jpg</path>
	<source>
		<database>Unknown</database>
	</source>
	<size>
		<width>337</width>
		<height>600</height>
		<depth>3</depth>
	</size>
	<segmented>0</segmented>
	<object>
		<name>cat</name>
		<pose>Unspecified</pose>
		<truncated>0</truncated>
		<difficult>0</difficult>
		<bndbox>
			<xmin>15</xmin>
			<ymin>333</ymin>
			<xmax>96</xmax>
			<ymax>460</ymax>
		</bndbox>
	</object>
	<object>
		<name>cat</name>
		<pose>Unspecified</pose>
		<truncated>0</truncated>
		<difficult>0</difficult>
		<bndbox>
			<xmin>100</xmin>
			<ymin>311</ymin>
			<xmax>331</xmax>
			<ymax>458</ymax>
		</bndbox>
	</object>
</annotation>
