<annotation>
	<folder>gato</folder>
	<filename>gato178.jpg</filename>
	<path>C:\Users\alici\Downloads\gato\gato178.jpg</path>
	<source>
		<database>Unknown</database>
	</source>
	<size>
		<width>300</width>
		<height>168</height>
		<depth>3</depth>
	</size>
	<segmented>0</segmented>
	<object>
		<name>cat</name>
		<pose>Unspecified</pose>
		<truncated>1</truncated>
		<difficult>0</difficult>
		<bndbox>
			<xmin>17</xmin>
			<ymin>1</ymin>
			<xmax>151</xmax>
			<ymax>167</ymax>
		</bndbox>
	</object>
</annotation>
