<annotation>
	<folder>gato</folder>
	<filename>gato114.jpg</filename>
	<path>C:\Users\alici\Downloads\gato\gato114.jpg</path>
	<source>
		<database>Unknown</database>
	</source>
	<size>
		<width>0</width>
		<height>0</height>
		<depth>3</depth>
	</size>
	<segmented>0</segmented>
	<object>
		<name>cat</name>
		<pose>Unspecified</pose>
		<truncated>0</truncated>
		<difficult>0</difficult>
		<bndbox>
			<xmin>52</xmin>
			<ymin>89</ymin>
			<xmax>885</xmax>
			<ymax>479</ymax>
		</bndbox>
	</object>
</annotation>
