<annotation>
	<folder>gato</folder>
	<filename>gato137.jpg</filename>
	<path>C:\Users\alici\Downloads\gato\gato137.jpg</path>
	<source>
		<database>Unknown</database>
	</source>
	<size>
		<width>1200</width>
		<height>650</height>
		<depth>3</depth>
	</size>
	<segmented>0</segmented>
	<object>
		<name>cat</name>
		<pose>Unspecified</pose>
		<truncated>0</truncated>
		<difficult>0</difficult>
		<bndbox>
			<xmin>440</xmin>
			<ymin>150</ymin>
			<xmax>1160</xmax>
			<ymax>481</ymax>
		</bndbox>
	</object>
</annotation>
