<annotation>
	<folder>gatos</folder>
	<filename>gato284.jpg</filename>
	<path>C:\Users\alici\OneDrive\Escritorio\gatos\gato284.jpg</path>
	<source>
		<database>Unknown</database>
	</source>
	<size>
		<width>1440</width>
		<height>1440</height>
		<depth>3</depth>
	</size>
	<segmented>0</segmented>
	<object>
		<name>cat</name>
		<pose>Unspecified</pose>
		<truncated>0</truncated>
		<difficult>0</difficult>
		<bndbox>
			<xmin>179</xmin>
			<ymin>28</ymin>
			<xmax>1001</xmax>
			<ymax>1388</ymax>
		</bndbox>
	</object>
</annotation>
