<annotation>
	<folder>gato</folder>
	<filename>gato110.jpg</filename>
	<path>C:\Users\alici\Downloads\gato\gato110.jpg</path>
	<source>
		<database>Unknown</database>
	</source>
	<size>
		<width>1600</width>
		<height>900</height>
		<depth>3</depth>
	</size>
	<segmented>0</segmented>
	<object>
		<name>cat</name>
		<pose>Unspecified</pose>
		<truncated>0</truncated>
		<difficult>0</difficult>
		<bndbox>
			<xmin>169</xmin>
			<ymin>55</ymin>
			<xmax>1272</xmax>
			<ymax>731</ymax>
		</bndbox>
	</object>
</annotation>
