<annotation>
	<folder>gato</folder>
	<filename>gato122.jpg</filename>
	<path>C:\Users\alici\Downloads\gato\gato122.jpg</path>
	<source>
		<database>Unknown</database>
	</source>
	<size>
		<width>273</width>
		<height>185</height>
		<depth>3</depth>
	</size>
	<segmented>0</segmented>
	<object>
		<name>cat</name>
		<pose>Unspecified</pose>
		<truncated>0</truncated>
		<difficult>0</difficult>
		<bndbox>
			<xmin>62</xmin>
			<ymin>2</ymin>
			<xmax>272</xmax>
			<ymax>183</ymax>
		</bndbox>
	</object>
</annotation>
