<annotation>
	<folder>gatos</folder>
	<filename>gato205.jpg</filename>
	<path>C:\Users\alici\OneDrive\Escritorio\gatos\gato205.jpg</path>
	<source>
		<database>Unknown</database>
	</source>
	<size>
		<width>118</width>
		<height>212</height>
		<depth>3</depth>
	</size>
	<segmented>0</segmented>
	<object>
		<name>cat</name>
		<pose>Unspecified</pose>
		<truncated>0</truncated>
		<difficult>0</difficult>
		<bndbox>
			<xmin>40</xmin>
			<ymin>48</ymin>
			<xmax>116</xmax>
			<ymax>166</ymax>
		</bndbox>
	</object>
</annotation>
