<annotation>
	<folder>gato</folder>
	<filename>gato128.jpg</filename>
	<path>C:\Users\alici\Downloads\gato\gato128.jpg</path>
	<source>
		<database>Unknown</database>
	</source>
	<size>
		<width>370</width>
		<height>247</height>
		<depth>3</depth>
	</size>
	<segmented>0</segmented>
	<object>
		<name>cat</name>
		<pose>Unspecified</pose>
		<truncated>0</truncated>
		<difficult>0</difficult>
		<bndbox>
			<xmin>129</xmin>
			<ymin>38</ymin>
			<xmax>300</xmax>
			<ymax>232</ymax>
		</bndbox>
	</object>
	<object>
		<name>cat</name>
		<pose>Unspecified</pose>
		<truncated>0</truncated>
		<difficult>0</difficult>
		<bndbox>
			<xmin>7</xmin>
			<ymin>94</ymin>
			<xmax>149</xmax>
			<ymax>207</ymax>
		</bndbox>
	</object>
</annotation>
