<annotation>
	<folder>gatos</folder>
	<filename>gato241.jpg</filename>
	<path>C:\Users\alici\OneDrive\Escritorio\gatos\gato241.jpg</path>
	<source>
		<database>Unknown</database>
	</source>
	<size>
		<width>450</width>
		<height>600</height>
		<depth>3</depth>
	</size>
	<segmented>0</segmented>
	<object>
		<name>cat</name>
		<pose>Unspecified</pose>
		<truncated>0</truncated>
		<difficult>0</difficult>
		<bndbox>
			<xmin>102</xmin>
			<ymin>61</ymin>
			<xmax>325</xmax>
			<ymax>399</ymax>
		</bndbox>
	</object>
</annotation>
