<annotation>
	<folder>gato</folder>
	<filename>gato120.jpg</filename>
	<path>C:\Users\alici\Downloads\gato\gato120.jpg</path>
	<source>
		<database>Unknown</database>
	</source>
	<size>
		<width>1280</width>
		<height>1280</height>
		<depth>3</depth>
	</size>
	<segmented>0</segmented>
	<object>
		<name>cat</name>
		<pose>Unspecified</pose>
		<truncated>0</truncated>
		<difficult>0</difficult>
		<bndbox>
			<xmin>30</xmin>
			<ymin>19</ymin>
			<xmax>1176</xmax>
			<ymax>1239</ymax>
		</bndbox>
	</object>
</annotation>
