<annotation>
	<folder>gatos</folder>
	<filename>gato294.jpg</filename>
	<path>C:\Users\alici\OneDrive\Escritorio\gatos\gato294.jpg</path>
	<source>
		<database>Unknown</database>
	</source>
	<size>
		<width>526</width>
		<height>526</height>
		<depth>3</depth>
	</size>
	<segmented>0</segmented>
	<object>
		<name>cat</name>
		<pose>Unspecified</pose>
		<truncated>0</truncated>
		<difficult>0</difficult>
		<bndbox>
			<xmin>36</xmin>
			<ymin>72</ymin>
			<xmax>242</xmax>
			<ymax>491</ymax>
		</bndbox>
	</object>
	<object>
		<name>cat</name>
		<pose>Unspecified</pose>
		<truncated>0</truncated>
		<difficult>0</difficult>
		<bndbox>
			<xmin>250</xmin>
			<ymin>136</ymin>
			<xmax>504</xmax>
			<ymax>487</ymax>
		</bndbox>
	</object>
</annotation>
