<annotation>
	<folder>gato</folder>
	<filename>gato141.jpg</filename>
	<path>C:\Users\alici\Downloads\gato\gato141.jpg</path>
	<source>
		<database>Unknown</database>
	</source>
	<size>
		<width>2100</width>
		<height>900</height>
		<depth>3</depth>
	</size>
	<segmented>0</segmented>
	<object>
		<name>cat</name>
		<pose>Unspecified</pose>
		<truncated>1</truncated>
		<difficult>0</difficult>
		<bndbox>
			<xmin>827</xmin>
			<ymin>1</ymin>
			<xmax>2082</xmax>
			<ymax>885</ymax>
		</bndbox>
	</object>
</annotation>
