<annotation>
	<folder>gato</folder>
	<filename>gato144.jpg</filename>
	<path>C:\Users\alici\Downloads\gato\gato144.jpg</path>
	<source>
		<database>Unknown</database>
	</source>
	<size>
		<width>276</width>
		<height>183</height>
		<depth>3</depth>
	</size>
	<segmented>0</segmented>
	<object>
		<name>cat</name>
		<pose>Unspecified</pose>
		<truncated>1</truncated>
		<difficult>0</difficult>
		<bndbox>
			<xmin>1</xmin>
			<ymin>14</ymin>
			<xmax>163</xmax>
			<ymax>174</ymax>
		</bndbox>
	</object>
</annotation>
