<annotation>
	<folder>gato</folder>
	<filename>gato190.jpg</filename>
	<path>C:\Users\alici\Downloads\gato\gato190.jpg</path>
	<source>
		<database>Unknown</database>
	</source>
	<size>
		<width>768</width>
		<height>547</height>
		<depth>3</depth>
	</size>
	<segmented>0</segmented>
	<object>
		<name>cat</name>
		<pose>Unspecified</pose>
		<truncated>0</truncated>
		<difficult>0</difficult>
		<bndbox>
			<xmin>9</xmin>
			<ymin>269</ymin>
			<xmax>513</xmax>
			<ymax>542</ymax>
		</bndbox>
	</object>
</annotation>
