<annotation>
	<folder>Gato</folder>
	<filename>gato17.jpeg</filename>
	<path>C:\Users\anago\OneDrive - Universidad Técnica Federico Santa María\Doggesdelapobla\Clasificador\Dataset\Gato\gato17.jpeg</path>
	<source>
		<database>Unknown</database>
	</source>
	<size>
		<width>656</width>
		<height>370</height>
		<depth>3</depth>
	</size>
	<segmented>0</segmented>
	<object>
		<name>cat</name>
		<pose>Unspecified</pose>
		<truncated>0</truncated>
		<difficult>0</difficult>
		<bndbox>
			<xmin>33</xmin>
			<ymin>25</ymin>
			<xmax>530</xmax>
			<ymax>312</ymax>
		</bndbox>
	</object>
</annotation>
