<annotation>
	<folder>gatos</folder>
	<filename>gato283.jpg</filename>
	<path>C:\Users\alici\OneDrive\Escritorio\gatos\gato283.jpg</path>
	<source>
		<database>Unknown</database>
	</source>
	<size>
		<width>1210</width>
		<height>1210</height>
		<depth>3</depth>
	</size>
	<segmented>0</segmented>
	<object>
		<name>cat</name>
		<pose>Unspecified</pose>
		<truncated>0</truncated>
		<difficult>0</difficult>
		<bndbox>
			<xmin>16</xmin>
			<ymin>20</ymin>
			<xmax>1091</xmax>
			<ymax>1190</ymax>
		</bndbox>
	</object>
</annotation>
