<annotation>
	<folder>gato</folder>
	<filename>gato182.jpg</filename>
	<path>C:\Users\alici\Downloads\gato\gato182.jpg</path>
	<source>
		<database>Unknown</database>
	</source>
	<size>
		<width>300</width>
		<height>168</height>
		<depth>3</depth>
	</size>
	<segmented>0</segmented>
	<object>
		<name>cat</name>
		<pose>Unspecified</pose>
		<truncated>0</truncated>
		<difficult>0</difficult>
		<bndbox>
			<xmin>28</xmin>
			<ymin>17</ymin>
			<xmax>125</xmax>
			<ymax>129</ymax>
		</bndbox>
	</object>
	<object>
		<name>cat</name>
		<pose>Unspecified</pose>
		<truncated>0</truncated>
		<difficult>0</difficult>
		<bndbox>
			<xmin>143</xmin>
			<ymin>50</ymin>
			<xmax>241</xmax>
			<ymax>113</ymax>
		</bndbox>
	</object>
</annotation>
