<annotation>
	<folder>Gato</folder>
	<filename>gato78.jpg</filename>
	<path>C:\Users\anago\OneDrive - Universidad Técnica Federico Santa María\Doggesdelapobla\Clasificador\Dataset\Gato\gato78.jpg</path>
	<source>
		<database>Unknown</database>
	</source>
	<size>
		<width>1470</width>
		<height>980</height>
		<depth>3</depth>
	</size>
	<segmented>0</segmented>
	<object>
		<name>cat</name>
		<pose>Unspecified</pose>
		<truncated>0</truncated>
		<difficult>0</difficult>
		<bndbox>
			<xmin>480</xmin>
			<ymin>245</ymin>
			<xmax>1203</xmax>
			<ymax>748</ymax>
		</bndbox>
	</object>
</annotation>
