<annotation>
	<folder>gato</folder>
	<filename>gato160.jpg</filename>
	<path>C:\Users\alici\Downloads\gato\gato160.jpg</path>
	<source>
		<database>Unknown</database>
	</source>
	<size>
		<width>259</width>
		<height>194</height>
		<depth>3</depth>
	</size>
	<segmented>0</segmented>
	<object>
		<name>cat</name>
		<pose>Unspecified</pose>
		<truncated>0</truncated>
		<difficult>0</difficult>
		<bndbox>
			<xmin>34</xmin>
			<ymin>16</ymin>
			<xmax>142</xmax>
			<ymax>182</ymax>
		</bndbox>
	</object>
</annotation>
