<annotation>
	<folder>Gato</folder>
	<filename>gato80.jpg</filename>
	<path>C:\Users\anago\OneDrive - Universidad Técnica Federico Santa María\Doggesdelapobla\Clasificador\Dataset\Gato\gato80.jpg</path>
	<source>
		<database>Unknown</database>
	</source>
	<size>
		<width>480</width>
		<height>320</height>
		<depth>3</depth>
	</size>
	<segmented>0</segmented>
	<object>
		<name>cat</name>
		<pose>Unspecified</pose>
		<truncated>0</truncated>
		<difficult>0</difficult>
		<bndbox>
			<xmin>110</xmin>
			<ymin>30</ymin>
			<xmax>356</xmax>
			<ymax>239</ymax>
		</bndbox>
	</object>
</annotation>
