<annotation>
	<folder>gato</folder>
	<filename>gato104.jpg</filename>
	<path>C:\Users\alici\Downloads\gato\gato104.jpg</path>
	<source>
		<database>Unknown</database>
	</source>
	<size>
		<width>620</width>
		<height>356</height>
		<depth>3</depth>
	</size>
	<segmented>0</segmented>
	<object>
		<name>cat</name>
		<pose>Unspecified</pose>
		<truncated>1</truncated>
		<difficult>0</difficult>
		<bndbox>
			<xmin>23</xmin>
			<ymin>1</ymin>
			<xmax>611</xmax>
			<ymax>346</ymax>
		</bndbox>
	</object>
</annotation>
