<annotation>
	<folder>gato</folder>
	<filename>gato200.jpg</filename>
	<path>C:\Users\alici\Downloads\gato\gato200.jpg</path>
	<source>
		<database>Unknown</database>
	</source>
	<size>
		<width>800</width>
		<height>480</height>
		<depth>3</depth>
	</size>
	<segmented>0</segmented>
	<object>
		<name>cat</name>
		<pose>Unspecified</pose>
		<truncated>1</truncated>
		<difficult>0</difficult>
		<bndbox>
			<xmin>192</xmin>
			<ymin>1</ymin>
			<xmax>784</xmax>
			<ymax>468</ymax>
		</bndbox>
	</object>
</annotation>
