<annotation>
	<folder>gato</folder>
	<filename>gato161.jpg</filename>
	<path>C:\Users\alici\Downloads\gato\gato161.jpg</path>
	<source>
		<database>Unknown</database>
	</source>
	<size>
		<width>1200</width>
		<height>671</height>
		<depth>3</depth>
	</size>
	<segmented>0</segmented>
	<object>
		<name>cat</name>
		<pose>Unspecified</pose>
		<truncated>0</truncated>
		<difficult>0</difficult>
		<bndbox>
			<xmin>303</xmin>
			<ymin>95</ymin>
			<xmax>734</xmax>
			<ymax>600</ymax>
		</bndbox>
	</object>
</annotation>
