<annotation>
	<folder>Gato</folder>
	<filename>gato99.jpg</filename>
	<path>C:\Users\anago\OneDrive - Universidad Técnica Federico Santa María\Doggesdelapobla\Clasificador\Dataset\Gato\gato99.jpg</path>
	<source>
		<database>Unknown</database>
	</source>
	<size>
		<width>1924</width>
		<height>1080</height>
		<depth>3</depth>
	</size>
	<segmented>0</segmented>
	<object>
		<name>cat</name>
		<pose>Unspecified</pose>
		<truncated>0</truncated>
		<difficult>0</difficult>
		<bndbox>
			<xmin>836</xmin>
			<ymin>250</ymin>
			<xmax>1196</xmax>
			<ymax>891</ymax>
		</bndbox>
	</object>
	<object>
		<name>cat</name>
		<pose>Unspecified</pose>
		<truncated>0</truncated>
		<difficult>0</difficult>
		<bndbox>
			<xmin>686</xmin>
			<ymin>331</ymin>
			<xmax>939</xmax>
			<ymax>777</ymax>
		</bndbox>
	</object>
	<object>
		<name>cat</name>
		<pose>Unspecified</pose>
		<truncated>0</truncated>
		<difficult>0</difficult>
		<bndbox>
			<xmin>1259</xmin>
			<ymin>253</ymin>
			<xmax>1567</xmax>
			<ymax>611</ymax>
		</bndbox>
	</object>
</annotation>
