<annotation>
	<folder>gatos</folder>
	<filename>gato297.jpg</filename>
	<path>C:\Users\alici\OneDrive\Escritorio\gatos\gato297.jpg</path>
	<source>
		<database>Unknown</database>
	</source>
	<size>
		<width>480</width>
		<height>600</height>
		<depth>3</depth>
	</size>
	<segmented>0</segmented>
	<object>
		<name>cat</name>
		<pose>Unspecified</pose>
		<truncated>1</truncated>
		<difficult>0</difficult>
		<bndbox>
			<xmin>46</xmin>
			<ymin>1</ymin>
			<xmax>379</xmax>
			<ymax>554</ymax>
		</bndbox>
	</object>
</annotation>
