<annotation>
	<folder>gato</folder>
	<filename>gato101.jpg</filename>
	<path>C:\Users\alici\Downloads\gato\gato101.jpg</path>
	<source>
		<database>Unknown</database>
	</source>
	<size>
		<width>239</width>
		<height>211</height>
		<depth>3</depth>
	</size>
	<segmented>0</segmented>
	<object>
		<name>cat</name>
		<pose>Unspecified</pose>
		<truncated>0</truncated>
		<difficult>0</difficult>
		<bndbox>
			<xmin>16</xmin>
			<ymin>3</ymin>
			<xmax>214</xmax>
			<ymax>190</ymax>
		</bndbox>
	</object>
</annotation>
