<annotation>
	<folder>Gato</folder>
	<filename>gato10.jpg</filename>
	<path>C:\Users\anago\OneDrive - Universidad Técnica Federico Santa María\Doggesdelapobla\Clasificador\Dataset\Gato\gato10.jpg</path>
	<source>
		<database>Unknown</database>
	</source>
	<size>
		<width>745</width>
		<height>745</height>
		<depth>3</depth>
	</size>
	<segmented>0</segmented>
	<object>
		<name>cat</name>
		<pose>Unspecified</pose>
		<truncated>1</truncated>
		<difficult>0</difficult>
		<bndbox>
			<xmin>129</xmin>
			<ymin>12</ymin>
			<xmax>745</xmax>
			<ymax>657</ymax>
		</bndbox>
	</object>
</annotation>
