<annotation>
	<folder>gatos</folder>
	<filename>gato210.jpg</filename>
	<path>C:\Users\alici\OneDrive\Escritorio\gatos\gato210.jpg</path>
	<source>
		<database>Unknown</database>
	</source>
	<size>
		<width>156</width>
		<height>225</height>
		<depth>3</depth>
	</size>
	<segmented>0</segmented>
	<object>
		<name>cat</name>
		<pose>Unspecified</pose>
		<truncated>0</truncated>
		<difficult>0</difficult>
		<bndbox>
			<xmin>22</xmin>
			<ymin>5</ymin>
			<xmax>144</xmax>
			<ymax>208</ymax>
		</bndbox>
	</object>
</annotation>
