<annotation>
	<folder>gato</folder>
	<filename>gato112.jpg</filename>
	<path>C:\Users\alici\Downloads\gato\gato112.jpg</path>
	<source>
		<database>Unknown</database>
	</source>
	<size>
		<width>207</width>
		<height>191</height>
		<depth>3</depth>
	</size>
	<segmented>0</segmented>
	<object>
		<name>cat</name>
		<pose>Unspecified</pose>
		<truncated>1</truncated>
		<difficult>0</difficult>
		<bndbox>
			<xmin>61</xmin>
			<ymin>2</ymin>
			<xmax>203</xmax>
			<ymax>191</ymax>
		</bndbox>
	</object>
</annotation>
