<annotation>
	<folder>gato</folder>
	<filename>gato174.jpg</filename>
	<path>C:\Users\alici\Downloads\gato\gato174.jpg</path>
	<source>
		<database>Unknown</database>
	</source>
	<size>
		<width>269</width>
		<height>187</height>
		<depth>3</depth>
	</size>
	<segmented>0</segmented>
	<object>
		<name>cat</name>
		<pose>Unspecified</pose>
		<truncated>0</truncated>
		<difficult>0</difficult>
		<bndbox>
			<xmin>23</xmin>
			<ymin>33</ymin>
			<xmax>197</xmax>
			<ymax>146</ymax>
		</bndbox>
	</object>
</annotation>
