<annotation>
	<folder>gatos</folder>
	<filename>gato204.jpg</filename>
	<path>C:\Users\alici\OneDrive\Escritorio\gatos\gato204.jpg</path>
	<source>
		<database>Unknown</database>
	</source>
	<size>
		<width>118</width>
		<height>210</height>
		<depth>3</depth>
	</size>
	<segmented>0</segmented>
	<object>
		<name>cat</name>
		<pose>Unspecified</pose>
		<truncated>1</truncated>
		<difficult>0</difficult>
		<bndbox>
			<xmin>1</xmin>
			<ymin>38</ymin>
			<xmax>117</xmax>
			<ymax>137</ymax>
		</bndbox>
	</object>
</annotation>
