<annotation>
	<folder>gato</folder>
	<filename>gato156.jpg</filename>
	<path>C:\Users\alici\Downloads\gato\gato156.jpg</path>
	<source>
		<database>Unknown</database>
	</source>
	<size>
		<width>245</width>
		<height>206</height>
		<depth>3</depth>
	</size>
	<segmented>0</segmented>
	<object>
		<name>cat</name>
		<pose>Unspecified</pose>
		<truncated>0</truncated>
		<difficult>0</difficult>
		<bndbox>
			<xmin>82</xmin>
			<ymin>22</ymin>
			<xmax>177</xmax>
			<ymax>202</ymax>
		</bndbox>
	</object>
</annotation>
