<annotation>
	<folder>Gato</folder>
	<filename>gato37.jpg</filename>
	<path>C:\Users\anago\OneDrive - Universidad Técnica Federico Santa María\Doggesdelapobla\Clasificador\Dataset\Gato\gato37.jpg</path>
	<source>
		<database>Unknown</database>
	</source>
	<size>
		<width>865</width>
		<height>540</height>
		<depth>3</depth>
	</size>
	<segmented>0</segmented>
	<object>
		<name>cat</name>
		<pose>Unspecified</pose>
		<truncated>0</truncated>
		<difficult>0</difficult>
		<bndbox>
			<xmin>58</xmin>
			<ymin>21</ymin>
			<xmax>808</xmax>
			<ymax>506</ymax>
		</bndbox>
	</object>
</annotation>
