<annotation>
	<folder>gato</folder>
	<filename>gato163.jpg</filename>
	<path>C:\Users\alici\Downloads\gato\gato163.jpg</path>
	<source>
		<database>Unknown</database>
	</source>
	<size>
		<width>286</width>
		<height>176</height>
		<depth>3</depth>
	</size>
	<segmented>0</segmented>
	<object>
		<name>cat</name>
		<pose>Unspecified</pose>
		<truncated>0</truncated>
		<difficult>0</difficult>
		<bndbox>
			<xmin>79</xmin>
			<ymin>29</ymin>
			<xmax>198</xmax>
			<ymax>166</ymax>
		</bndbox>
	</object>
</annotation>
