<annotation>
	<folder>gatos</folder>
	<filename>gato223.jpg</filename>
	<path>C:\Users\alici\OneDrive\Escritorio\gatos\gato223.jpg</path>
	<source>
		<database>Unknown</database>
	</source>
	<size>
		<width>526</width>
		<height>1126</height>
		<depth>3</depth>
	</size>
	<segmented>0</segmented>
	<object>
		<name>cat</name>
		<pose>Unspecified</pose>
		<truncated>0</truncated>
		<difficult>0</difficult>
		<bndbox>
			<xmin>104</xmin>
			<ymin>299</ymin>
			<xmax>496</xmax>
			<ymax>889</ymax>
		</bndbox>
	</object>
</annotation>
