<annotation>
	<folder>gato</folder>
	<filename>gato180.jpg</filename>
	<path>C:\Users\alici\Downloads\gato\gato180.jpg</path>
	<source>
		<database>Unknown</database>
	</source>
	<size>
		<width>229</width>
		<height>220</height>
		<depth>3</depth>
	</size>
	<segmented>0</segmented>
	<object>
		<name>cat</name>
		<pose>Unspecified</pose>
		<truncated>0</truncated>
		<difficult>0</difficult>
		<bndbox>
			<xmin>40</xmin>
			<ymin>21</ymin>
			<xmax>169</xmax>
			<ymax>218</ymax>
		</bndbox>
	</object>
</annotation>
