<annotation>
	<folder>gatos</folder>
	<filename>gato212.jpg</filename>
	<path>C:\Users\alici\OneDrive\Escritorio\gatos\gato212.jpg</path>
	<source>
		<database>Unknown</database>
	</source>
	<size>
		<width>160</width>
		<height>214</height>
		<depth>3</depth>
	</size>
	<segmented>0</segmented>
	<object>
		<name>cat</name>
		<pose>Unspecified</pose>
		<truncated>0</truncated>
		<difficult>0</difficult>
		<bndbox>
			<xmin>33</xmin>
			<ymin>37</ymin>
			<xmax>154</xmax>
			<ymax>160</ymax>
		</bndbox>
	</object>
</annotation>
