<annotation>
	<folder>gato</folder>
	<filename>gato171.jpg</filename>
	<path>C:\Users\alici\Downloads\gato\gato171.jpg</path>
	<source>
		<database>Unknown</database>
	</source>
	<size>
		<width>1024</width>
		<height>768</height>
		<depth>3</depth>
	</size>
	<segmented>0</segmented>
	<object>
		<name>cat</name>
		<pose>Unspecified</pose>
		<truncated>0</truncated>
		<difficult>0</difficult>
		<bndbox>
			<xmin>183</xmin>
			<ymin>106</ymin>
			<xmax>807</xmax>
			<ymax>765</ymax>
		</bndbox>
	</object>
</annotation>
