<annotation>
	<folder>gato</folder>
	<filename>gato188.jpg</filename>
	<path>C:\Users\alici\Downloads\gato\gato188.jpg</path>
	<source>
		<database>Unknown</database>
	</source>
	<size>
		<width>277</width>
		<height>182</height>
		<depth>3</depth>
	</size>
	<segmented>0</segmented>
	<object>
		<name>cat</name>
		<pose>Unspecified</pose>
		<truncated>1</truncated>
		<difficult>0</difficult>
		<bndbox>
			<xmin>54</xmin>
			<ymin>6</ymin>
			<xmax>191</xmax>
			<ymax>182</ymax>
		</bndbox>
	</object>
</annotation>
