<annotation>
	<folder>gato</folder>
	<filename>gato177.jpg</filename>
	<path>C:\Users\alici\Downloads\gato\gato177.jpg</path>
	<source>
		<database>Unknown</database>
	</source>
	<size>
		<width>267</width>
		<height>189</height>
		<depth>3</depth>
	</size>
	<segmented>0</segmented>
	<object>
		<name>cat</name>
		<pose>Unspecified</pose>
		<truncated>0</truncated>
		<difficult>0</difficult>
		<bndbox>
			<xmin>36</xmin>
			<ymin>72</ymin>
			<xmax>163</xmax>
			<ymax>163</ymax>
		</bndbox>
	</object>
</annotation>
