<annotation>
	<folder>gato</folder>
	<filename>gato196.jpg</filename>
	<path>C:\Users\alici\Downloads\gato\gato196.jpg</path>
	<source>
		<database>Unknown</database>
	</source>
	<size>
		<width>500</width>
		<height>352</height>
		<depth>3</depth>
	</size>
	<segmented>0</segmented>
	<object>
		<name>cat</name>
		<pose>Unspecified</pose>
		<truncated>0</truncated>
		<difficult>0</difficult>
		<bndbox>
			<xmin>53</xmin>
			<ymin>38</ymin>
			<xmax>353</xmax>
			<ymax>317</ymax>
		</bndbox>
	</object>
</annotation>
