<annotation>
	<folder>gato</folder>
	<filename>gato138.jpg</filename>
	<path>C:\Users\alici\Downloads\gato\gato138.jpg</path>
	<source>
		<database>Unknown</database>
	</source>
	<size>
		<width>273</width>
		<height>184</height>
		<depth>3</depth>
	</size>
	<segmented>0</segmented>
	<object>
		<name>cat</name>
		<pose>Unspecified</pose>
		<truncated>0</truncated>
		<difficult>0</difficult>
		<bndbox>
			<xmin>12</xmin>
			<ymin>25</ymin>
			<xmax>191</xmax>
			<ymax>170</ymax>
		</bndbox>
	</object>
</annotation>
