<annotation>
	<folder>gatos</folder>
	<filename>gato258.jpg</filename>
	<path>C:\Users\alici\OneDrive\Escritorio\gatos\gato258.jpg</path>
	<source>
		<database>Unknown</database>
	</source>
	<size>
		<width>225</width>
		<height>225</height>
		<depth>3</depth>
	</size>
	<segmented>0</segmented>
	<object>
		<name>cat</name>
		<pose>Unspecified</pose>
		<truncated>0</truncated>
		<difficult>0</difficult>
		<bndbox>
			<xmin>14</xmin>
			<ymin>112</ymin>
			<xmax>100</xmax>
			<ymax>181</ymax>
		</bndbox>
	</object>
	<object>
		<name>cat</name>
		<pose>Unspecified</pose>
		<truncated>1</truncated>
		<difficult>0</difficult>
		<bndbox>
			<xmin>110</xmin>
			<ymin>40</ymin>
			<xmax>225</xmax>
			<ymax>199</ymax>
		</bndbox>
	</object>
	<object>
		<name>cat</name>
		<pose>Unspecified</pose>
		<truncated>0</truncated>
		<difficult>0</difficult>
		<bndbox>
			<xmin>13</xmin>
			<ymin>11</ymin>
			<xmax>95</xmax>
			<ymax>106</ymax>
		</bndbox>
	</object>
</annotation>
