<annotation>
	<folder>gato</folder>
	<filename>gato152.jpg</filename>
	<path>C:\Users\alici\Downloads\gato\gato152.jpg</path>
	<source>
		<database>Unknown</database>
	</source>
	<size>
		<width>301</width>
		<height>167</height>
		<depth>3</depth>
	</size>
	<segmented>0</segmented>
	<object>
		<name>cat</name>
		<pose>Unspecified</pose>
		<truncated>0</truncated>
		<difficult>0</difficult>
		<bndbox>
			<xmin>49</xmin>
			<ymin>26</ymin>
			<xmax>293</xmax>
			<ymax>159</ymax>
		</bndbox>
	</object>
</annotation>
