<annotation>
	<folder>gato</folder>
	<filename>gato148.jpg</filename>
	<path>C:\Users\alici\Downloads\gato\gato148.jpg</path>
	<source>
		<database>Unknown</database>
	</source>
	<size>
		<width>183</width>
		<height>275</height>
		<depth>3</depth>
	</size>
	<segmented>0</segmented>
	<object>
		<name>cat</name>
		<pose>Unspecified</pose>
		<truncated>0</truncated>
		<difficult>0</difficult>
		<bndbox>
			<xmin>4</xmin>
			<ymin>48</ymin>
			<xmax>161</xmax>
			<ymax>253</ymax>
		</bndbox>
	</object>
</annotation>
