<annotation>
	<folder>gato</folder>
	<filename>gato121.jpg</filename>
	<path>C:\Users\alici\Downloads\gato\gato121.jpg</path>
	<source>
		<database>Unknown</database>
	</source>
	<size>
		<width>290</width>
		<height>174</height>
		<depth>3</depth>
	</size>
	<segmented>0</segmented>
	<object>
		<name>cat</name>
		<pose>Unspecified</pose>
		<truncated>1</truncated>
		<difficult>0</difficult>
		<bndbox>
			<xmin>1</xmin>
			<ymin>5</ymin>
			<xmax>168</xmax>
			<ymax>174</ymax>
		</bndbox>
	</object>
	<object>
		<name>cat</name>
		<pose>Unspecified</pose>
		<truncated>0</truncated>
		<difficult>0</difficult>
		<bndbox>
			<xmin>189</xmin>
			<ymin>25</ymin>
			<xmax>287</xmax>
			<ymax>170</ymax>
		</bndbox>
	</object>
</annotation>
