<annotation>
	<folder>gato</folder>
	<filename>gato113.jpg</filename>
	<path>C:\Users\alici\Downloads\gato\gato113.jpg</path>
	<source>
		<database>Unknown</database>
	</source>
	<size>
		<width>300</width>
		<height>168</height>
		<depth>3</depth>
	</size>
	<segmented>0</segmented>
	<object>
		<name>cat</name>
		<pose>Unspecified</pose>
		<truncated>1</truncated>
		<difficult>0</difficult>
		<bndbox>
			<xmin>44</xmin>
			<ymin>1</ymin>
			<xmax>277</xmax>
			<ymax>167</ymax>
		</bndbox>
	</object>
</annotation>
