<annotation>
	<folder>gatos</folder>
	<filename>gato214.jpg</filename>
	<path>C:\Users\alici\OneDrive\Escritorio\gatos\gato214.jpg</path>
	<source>
		<database>Unknown</database>
	</source>
	<size>
		<width>118</width>
		<height>211</height>
		<depth>3</depth>
	</size>
	<segmented>0</segmented>
	<object>
		<name>cat</name>
		<pose>Unspecified</pose>
		<truncated>0</truncated>
		<difficult>0</difficult>
		<bndbox>
			<xmin>37</xmin>
			<ymin>31</ymin>
			<xmax>116</xmax>
			<ymax>208</ymax>
		</bndbox>
	</object>
</annotation>
