<annotation>
	<folder>gatos</folder>
	<filename>gato211.jpg</filename>
	<path>C:\Users\alici\OneDrive\Escritorio\gatos\gato211.jpg</path>
	<source>
		<database>Unknown</database>
	</source>
	<size>
		<width>225</width>
		<height>225</height>
		<depth>3</depth>
	</size>
	<segmented>0</segmented>
	<object>
		<name>cat</name>
		<pose>Unspecified</pose>
		<truncated>1</truncated>
		<difficult>0</difficult>
		<bndbox>
			<xmin>1</xmin>
			<ymin>20</ymin>
			<xmax>110</xmax>
			<ymax>160</ymax>
		</bndbox>
	</object>
	<object>
		<name>cat</name>
		<pose>Unspecified</pose>
		<truncated>0</truncated>
		<difficult>0</difficult>
		<bndbox>
			<xmin>105</xmin>
			<ymin>40</ymin>
			<xmax>222</xmax>
			<ymax>158</ymax>
		</bndbox>
	</object>
</annotation>
