<annotation>
	<folder>Gato</folder>
	<filename>gato1.jpg</filename>
	<path>C:\Users\anago\OneDrive - Universidad Técnica Federico Santa María\Doggesdelapobla\Clasificador\Dataset\Gato\gato1.jpg</path>
	<source>
		<database>Unknown</database>
	</source>
	<size>
		<width>1140</width>
		<height>855</height>
		<depth>3</depth>
	</size>
	<segmented>0</segmented>
	<object>
		<name>cat</name>
		<pose>Unspecified</pose>
		<truncated>0</truncated>
		<difficult>0</difficult>
		<bndbox>
			<xmin>350</xmin>
			<ymin>67</ymin>
			<xmax>729</xmax>
			<ymax>798</ymax>
		</bndbox>
	</object>
</annotation>
