<annotation>
	<folder>gato</folder>
	<filename>gato139.jpg</filename>
	<path>C:\Users\alici\Downloads\gato\gato139.jpg</path>
	<source>
		<database>Unknown</database>
	</source>
	<size>
		<width>194</width>
		<height>259</height>
		<depth>3</depth>
	</size>
	<segmented>0</segmented>
	<object>
		<name>cat</name>
		<pose>Unspecified</pose>
		<truncated>0</truncated>
		<difficult>0</difficult>
		<bndbox>
			<xmin>23</xmin>
			<ymin>68</ymin>
			<xmax>138</xmax>
			<ymax>254</ymax>
		</bndbox>
	</object>
</annotation>
