<annotation>
	<folder>gatos</folder>
	<filename>gato248.jpg</filename>
	<path>C:\Users\alici\OneDrive\Escritorio\gatos\gato248.jpg</path>
	<source>
		<database>Unknown</database>
	</source>
	<size>
		<width>600</width>
		<height>450</height>
		<depth>3</depth>
	</size>
	<segmented>0</segmented>
	<object>
		<name>cat</name>
		<pose>Unspecified</pose>
		<truncated>1</truncated>
		<difficult>0</difficult>
		<bndbox>
			<xmin>5</xmin>
			<ymin>1</ymin>
			<xmax>595</xmax>
			<ymax>400</ymax>
		</bndbox>
	</object>
</annotation>
