<annotation>
	<folder>gato</folder>
	<filename>gato107.jpg</filename>
	<path>C:\Users\alici\Downloads\gato\gato107.jpg</path>
	<source>
		<database>Unknown</database>
	</source>
	<size>
		<width>225</width>
		<height>225</height>
		<depth>3</depth>
	</size>
	<segmented>0</segmented>
	<object>
		<name>cat</name>
		<pose>Unspecified</pose>
		<truncated>1</truncated>
		<difficult>0</difficult>
		<bndbox>
			<xmin>1</xmin>
			<ymin>1</ymin>
			<xmax>196</xmax>
			<ymax>215</ymax>
		</bndbox>
	</object>
</annotation>
