<annotation>
	<folder>gato</folder>
	<filename>gato109.jpg</filename>
	<path>C:\Users\alici\Downloads\gato\gato109.jpg</path>
	<source>
		<database>Unknown</database>
	</source>
	<size>
		<width>259</width>
		<height>194</height>
		<depth>3</depth>
	</size>
	<segmented>0</segmented>
	<object>
		<name>cat</name>
		<pose>Unspecified</pose>
		<truncated>0</truncated>
		<difficult>0</difficult>
		<bndbox>
			<xmin>10</xmin>
			<ymin>12</ymin>
			<xmax>195</xmax>
			<ymax>156</ymax>
		</bndbox>
	</object>
</annotation>
