<annotation>
	<folder>gatos</folder>
	<filename>gato295.jpg</filename>
	<path>C:\Users\alici\OneDrive\Escritorio\gatos\gato295.jpg</path>
	<source>
		<database>Unknown</database>
	</source>
	<size>
		<width>696</width>
		<height>540</height>
		<depth>3</depth>
	</size>
	<segmented>0</segmented>
	<object>
		<name>cat</name>
		<pose>Unspecified</pose>
		<truncated>0</truncated>
		<difficult>0</difficult>
		<bndbox>
			<xmin>8</xmin>
			<ymin>31</ymin>
			<xmax>660</xmax>
			<ymax>520</ymax>
		</bndbox>
	</object>
</annotation>
