<annotation>
	<folder>gato</folder>
	<filename>gato136.jpg</filename>
	<path>C:\Users\alici\Downloads\gato\gato136.jpg</path>
	<source>
		<database>Unknown</database>
	</source>
	<size>
		<width>980</width>
		<height>529</height>
		<depth>3</depth>
	</size>
	<segmented>0</segmented>
	<object>
		<name>cat</name>
		<pose>Unspecified</pose>
		<truncated>0</truncated>
		<difficult>0</difficult>
		<bndbox>
			<xmin>77</xmin>
			<ymin>229</ymin>
			<xmax>352</xmax>
			<ymax>484</ymax>
		</bndbox>
	</object>
	<object>
		<name>cat</name>
		<pose>Unspecified</pose>
		<truncated>0</truncated>
		<difficult>0</difficult>
		<bndbox>
			<xmin>601</xmin>
			<ymin>114</ymin>
			<xmax>881</xmax>
			<ymax>489</ymax>
		</bndbox>
	</object>
</annotation>
