<annotation>
	<folder>gato</folder>
	<filename>gato165.jpeg</filename>
	<path>C:\Users\alici\Downloads\gato\gato165.jpeg</path>
	<source>
		<database>Unknown</database>
	</source>
	<size>
		<width>656</width>
		<height>370</height>
		<depth>3</depth>
	</size>
	<segmented>0</segmented>
	<object>
		<name>cat</name>
		<pose>Unspecified</pose>
		<truncated>0</truncated>
		<difficult>0</difficult>
		<bndbox>
			<xmin>103</xmin>
			<ymin>24</ymin>
			<xmax>560</xmax>
			<ymax>282</ymax>
		</bndbox>
	</object>
</annotation>
