<annotation>
	<folder>Gato</folder>
	<filename>gato3.jpg</filename>
	<path>C:\Users\anago\OneDrive - Universidad Técnica Federico Santa María\Doggesdelapobla\Clasificador\Dataset\Gato\gato3.jpg</path>
	<source>
		<database>Unknown</database>
	</source>
	<size>
		<width>745</width>
		<height>745</height>
		<depth>3</depth>
	</size>
	<segmented>0</segmented>
	<object>
		<name>cat</name>
		<pose>Unspecified</pose>
		<truncated>0</truncated>
		<difficult>0</difficult>
		<bndbox>
			<xmin>148</xmin>
			<ymin>70</ymin>
			<xmax>685</xmax>
			<ymax>701</ymax>
		</bndbox>
	</object>
</annotation>
