<annotation>
	<folder>gatos</folder>
	<filename>gato239.jpg</filename>
	<path>C:\Users\alici\OneDrive\Escritorio\gatos\gato239.jpg</path>
	<source>
		<database>Unknown</database>
	</source>
	<size>
		<width>526</width>
		<height>701</height>
		<depth>3</depth>
	</size>
	<segmented>0</segmented>
	<object>
		<name>cat</name>
		<pose>Unspecified</pose>
		<truncated>0</truncated>
		<difficult>0</difficult>
		<bndbox>
			<xmin>100</xmin>
			<ymin>199</ymin>
			<xmax>330</xmax>
			<ymax>504</ymax>
		</bndbox>
	</object>
</annotation>
