<annotation>
	<folder>gato</folder>
	<filename>gato195.jpg</filename>
	<path>C:\Users\alici\Downloads\gato\gato195.jpg</path>
	<source>
		<database>Unknown</database>
	</source>
	<size>
		<width>244</width>
		<height>206</height>
		<depth>3</depth>
	</size>
	<segmented>0</segmented>
	<object>
		<name>cat</name>
		<pose>Unspecified</pose>
		<truncated>0</truncated>
		<difficult>0</difficult>
		<bndbox>
			<xmin>67</xmin>
			<ymin>23</ymin>
			<xmax>153</xmax>
			<ymax>184</ymax>
		</bndbox>
	</object>
</annotation>
