<annotation>
	<folder>Gato</folder>
	<filename>gato50.jpg</filename>
	<path>C:\Users\anago\OneDrive - Universidad Técnica Federico Santa María\Doggesdelapobla\Clasificador\Dataset\Gato\gato50.jpg</path>
	<source>
		<database>Unknown</database>
	</source>
	<size>
		<width>603</width>
		<height>402</height>
		<depth>3</depth>
	</size>
	<segmented>0</segmented>
	<object>
		<name>cat</name>
		<pose>Unspecified</pose>
		<truncated>0</truncated>
		<difficult>0</difficult>
		<bndbox>
			<xmin>170</xmin>
			<ymin>24</ymin>
			<xmax>438</xmax>
			<ymax>379</ymax>
		</bndbox>
	</object>
</annotation>
