<annotation>
	<folder>gato</folder>
	<filename>gato145.jpg</filename>
	<path>C:\Users\alici\Downloads\gato\gato145.jpg</path>
	<source>
		<database>Unknown</database>
	</source>
	<size>
		<width>275</width>
		<height>183</height>
		<depth>3</depth>
	</size>
	<segmented>0</segmented>
	<object>
		<name>cat</name>
		<pose>Unspecified</pose>
		<truncated>0</truncated>
		<difficult>0</difficult>
		<bndbox>
			<xmin>86</xmin>
			<ymin>9</ymin>
			<xmax>274</xmax>
			<ymax>163</ymax>
		</bndbox>
	</object>
</annotation>
