<annotation>
	<folder>Gato</folder>
	<filename>gato68.jpg</filename>
	<path>C:\Users\anago\OneDrive - Universidad Técnica Federico Santa María\Doggesdelapobla\Clasificador\Dataset\Gato\gato68.jpg</path>
	<source>
		<database>Unknown</database>
	</source>
	<size>
		<width>247</width>
		<height>204</height>
		<depth>3</depth>
	</size>
	<segmented>0</segmented>
	<object>
		<name>cat</name>
		<pose>Unspecified</pose>
		<truncated>0</truncated>
		<difficult>0</difficult>
		<bndbox>
			<xmin>89</xmin>
			<ymin>42</ymin>
			<xmax>210</xmax>
			<ymax>166</ymax>
		</bndbox>
	</object>
</annotation>
