<annotation>
	<folder>gatos</folder>
	<filename>gato253.jpg</filename>
	<path>C:\Users\alici\OneDrive\Escritorio\gatos\gato253.jpg</path>
	<source>
		<database>Unknown</database>
	</source>
	<size>
		<width>450</width>
		<height>600</height>
		<depth>3</depth>
	</size>
	<segmented>0</segmented>
	<object>
		<name>cat</name>
		<pose>Unspecified</pose>
		<truncated>1</truncated>
		<difficult>0</difficult>
		<bndbox>
			<xmin>3</xmin>
			<ymin>1</ymin>
			<xmax>337</xmax>
			<ymax>532</ymax>
		</bndbox>
	</object>
</annotation>
