<annotation>
	<folder>Gato</folder>
	<filename>gato98.jpg</filename>
	<path>C:\Users\anago\OneDrive - Universidad Técnica Federico Santa María\Doggesdelapobla\Clasificador\Dataset\Gato\gato98.jpg</path>
	<source>
		<database>Unknown</database>
	</source>
	<size>
		<width>640</width>
		<height>437</height>
		<depth>3</depth>
	</size>
	<segmented>0</segmented>
	<object>
		<name>cat</name>
		<pose>Unspecified</pose>
		<truncated>0</truncated>
		<difficult>0</difficult>
		<bndbox>
			<xmin>238</xmin>
			<ymin>145</ymin>
			<xmax>442</xmax>
			<ymax>347</ymax>
		</bndbox>
	</object>
</annotation>
