<annotation>
	<folder>gato</folder>
	<filename>gato186.jpg</filename>
	<path>C:\Users\alici\Downloads\gato\gato186.jpg</path>
	<source>
		<database>Unknown</database>
	</source>
	<size>
		<width>259</width>
		<height>194</height>
		<depth>3</depth>
	</size>
	<segmented>0</segmented>
	<object>
		<name>cat</name>
		<pose>Unspecified</pose>
		<truncated>1</truncated>
		<difficult>0</difficult>
		<bndbox>
			<xmin>65</xmin>
			<ymin>10</ymin>
			<xmax>237</xmax>
			<ymax>194</ymax>
		</bndbox>
	</object>
</annotation>
