<annotation>
	<folder>gato</folder>
	<filename>gato102.jpg</filename>
	<path>C:\Users\alici\Downloads\gato\gato102.jpg</path>
	<source>
		<database>Unknown</database>
	</source>
	<size>
		<width>258</width>
		<height>195</height>
		<depth>3</depth>
	</size>
	<segmented>0</segmented>
	<object>
		<name>cat</name>
		<pose>Unspecified</pose>
		<truncated>0</truncated>
		<difficult>0</difficult>
		<bndbox>
			<xmin>18</xmin>
			<ymin>3</ymin>
			<xmax>249</xmax>
			<ymax>188</ymax>
		</bndbox>
	</object>
</annotation>
