<annotation>
	<folder>gatos</folder>
	<filename>gato202.jpg</filename>
	<path>C:\Users\alici\OneDrive\Escritorio\gatos\gato202.jpg</path>
	<source>
		<database>Unknown</database>
	</source>
	<size>
		<width>261</width>
		<height>182</height>
		<depth>3</depth>
	</size>
	<segmented>0</segmented>
	<object>
		<name>cat</name>
		<pose>Unspecified</pose>
		<truncated>1</truncated>
		<difficult>0</difficult>
		<bndbox>
			<xmin>1</xmin>
			<ymin>5</ymin>
			<xmax>243</xmax>
			<ymax>127</ymax>
		</bndbox>
	</object>
</annotation>
