<annotation>
	<folder>gato</folder>
	<filename>gato189.jpg</filename>
	<path>C:\Users\alici\Downloads\gato\gato189.jpg</path>
	<source>
		<database>Unknown</database>
	</source>
	<size>
		<width>265</width>
		<height>190</height>
		<depth>3</depth>
	</size>
	<segmented>0</segmented>
	<object>
		<name>cat</name>
		<pose>Unspecified</pose>
		<truncated>0</truncated>
		<difficult>0</difficult>
		<bndbox>
			<xmin>69</xmin>
			<ymin>11</ymin>
			<xmax>217</xmax>
			<ymax>188</ymax>
		</bndbox>
	</object>
</annotation>
