<annotation>
	<folder>gato</folder>
	<filename>gato181.jpg</filename>
	<path>C:\Users\alici\Downloads\gato\gato181.jpg</path>
	<source>
		<database>Unknown</database>
	</source>
	<size>
		<width>275</width>
		<height>183</height>
		<depth>3</depth>
	</size>
	<segmented>0</segmented>
	<object>
		<name>cat</name>
		<pose>Unspecified</pose>
		<truncated>1</truncated>
		<difficult>0</difficult>
		<bndbox>
			<xmin>1</xmin>
			<ymin>2</ymin>
			<xmax>228</xmax>
			<ymax>178</ymax>
		</bndbox>
	</object>
</annotation>
