<annotation>
	<folder>gatos</folder>
	<filename>gato208.jpg</filename>
	<path>C:\Users\alici\OneDrive\Escritorio\gatos\gato208.jpg</path>
	<source>
		<database>Unknown</database>
	</source>
	<size>
		<width>261</width>
		<height>196</height>
		<depth>3</depth>
	</size>
	<segmented>0</segmented>
	<object>
		<name>cat</name>
		<pose>Unspecified</pose>
		<truncated>0</truncated>
		<difficult>0</difficult>
		<bndbox>
			<xmin>37</xmin>
			<ymin>38</ymin>
			<xmax>216</xmax>
			<ymax>121</ymax>
		</bndbox>
	</object>
	<object>
		<name>cat</name>
		<pose>Unspecified</pose>
		<truncated>0</truncated>
		<difficult>0</difficult>
		<bndbox>
			<xmin>51</xmin>
			<ymin>89</ymin>
			<xmax>252</xmax>
			<ymax>168</ymax>
		</bndbox>
	</object>
</annotation>
