<annotation>
	<folder>gato</folder>
	<filename>gato132.jpg</filename>
	<path>C:\Users\alici\Downloads\gato\gato132.jpg</path>
	<source>
		<database>Unknown</database>
	</source>
	<size>
		<width>300</width>
		<height>168</height>
		<depth>3</depth>
	</size>
	<segmented>0</segmented>
	<object>
		<name>cat</name>
		<pose>Unspecified</pose>
		<truncated>0</truncated>
		<difficult>0</difficult>
		<bndbox>
			<xmin>34</xmin>
			<ymin>34</ymin>
			<xmax>99</xmax>
			<ymax>123</ymax>
		</bndbox>
	</object>
	<object>
		<name>cat</name>
		<pose>Unspecified</pose>
		<truncated>0</truncated>
		<difficult>0</difficult>
		<bndbox>
			<xmin>103</xmin>
			<ymin>41</ymin>
			<xmax>167</xmax>
			<ymax>119</ymax>
		</bndbox>
	</object>
	<object>
		<name>cat</name>
		<pose>Unspecified</pose>
		<truncated>0</truncated>
		<difficult>0</difficult>
		<bndbox>
			<xmin>195</xmin>
			<ymin>68</ymin>
			<xmax>263</xmax>
			<ymax>160</ymax>
		</bndbox>
	</object>
</annotation>
