<annotation>
	<folder>gatos</folder>
	<filename>gato243.jpg</filename>
	<path>C:\Users\alici\OneDrive\Escritorio\gatos\gato243.jpg</path>
	<source>
		<database>Unknown</database>
	</source>
	<size>
		<width>450</width>
		<height>600</height>
		<depth>3</depth>
	</size>
	<segmented>0</segmented>
	<object>
		<name>cat</name>
		<pose>Unspecified</pose>
		<truncated>0</truncated>
		<difficult>0</difficult>
		<bndbox>
			<xmin>77</xmin>
			<ymin>130</ymin>
			<xmax>336</xmax>
			<ymax>442</ymax>
		</bndbox>
	</object>
</annotation>
