<annotation>
	<folder>gato</folder>
	<filename>gato159.jpg</filename>
	<path>C:\Users\alici\Downloads\gato\gato159.jpg</path>
	<source>
		<database>Unknown</database>
	</source>
	<size>
		<width>251</width>
		<height>201</height>
		<depth>3</depth>
	</size>
	<segmented>0</segmented>
	<object>
		<name>cat</name>
		<pose>Unspecified</pose>
		<truncated>0</truncated>
		<difficult>0</difficult>
		<bndbox>
			<xmin>89</xmin>
			<ymin>14</ymin>
			<xmax>236</xmax>
			<ymax>199</ymax>
		</bndbox>
	</object>
</annotation>
