<annotation>
	<folder>gatos</folder>
	<filename>gato272.jpg</filename>
	<path>C:\Users\alici\OneDrive\Escritorio\gatos\gato272.jpg</path>
	<source>
		<database>Unknown</database>
	</source>
	<size>
		<width>600</width>
		<height>450</height>
		<depth>3</depth>
	</size>
	<segmented>0</segmented>
	<object>
		<name>cat</name>
		<pose>Unspecified</pose>
		<truncated>1</truncated>
		<difficult>0</difficult>
		<bndbox>
			<xmin>1</xmin>
			<ymin>4</ymin>
			<xmax>564</xmax>
			<ymax>443</ymax>
		</bndbox>
	</object>
</annotation>
