<annotation>
	<folder>gato</folder>
	<filename>gato198.jpg</filename>
	<path>C:\Users\alici\Downloads\gato\gato198.jpg</path>
	<source>
		<database>Unknown</database>
	</source>
	<size>
		<width>275</width>
		<height>183</height>
		<depth>3</depth>
	</size>
	<segmented>0</segmented>
	<object>
		<name>cat</name>
		<pose>Unspecified</pose>
		<truncated>1</truncated>
		<difficult>0</difficult>
		<bndbox>
			<xmin>63</xmin>
			<ymin>12</ymin>
			<xmax>230</xmax>
			<ymax>183</ymax>
		</bndbox>
	</object>
</annotation>
