<annotation>
	<folder>gatos</folder>
	<filename>gato207.jpg</filename>
	<path>C:\Users\alici\OneDrive\Escritorio\gatos\gato207.jpg</path>
	<source>
		<database>Unknown</database>
	</source>
	<size>
		<width>118</width>
		<height>210</height>
		<depth>3</depth>
	</size>
	<segmented>0</segmented>
	<object>
		<name>cat</name>
		<pose>Unspecified</pose>
		<truncated>0</truncated>
		<difficult>0</difficult>
		<bndbox>
			<xmin>12</xmin>
			<ymin>7</ymin>
			<xmax>117</xmax>
			<ymax>168</ymax>
		</bndbox>
	</object>
</annotation>
