<annotation>
	<folder>gato</folder>
	<filename>gato184.jpg</filename>
	<path>C:\Users\alici\Downloads\gato\gato184.jpg</path>
	<source>
		<database>Unknown</database>
	</source>
	<size>
		<width>1280</width>
		<height>720</height>
		<depth>3</depth>
	</size>
	<segmented>0</segmented>
	<object>
		<name>cat</name>
		<pose>Unspecified</pose>
		<truncated>0</truncated>
		<difficult>0</difficult>
		<bndbox>
			<xmin>527</xmin>
			<ymin>271</ymin>
			<xmax>899</xmax>
			<ymax>503</ymax>
		</bndbox>
	</object>
</annotation>
