<annotation>
	<folder>gato</folder>
	<filename>gato123.jpg</filename>
	<path>C:\Users\alici\Downloads\gato\gato123.jpg</path>
	<source>
		<database>Unknown</database>
	</source>
	<size>
		<width>288</width>
		<height>175</height>
		<depth>3</depth>
	</size>
	<segmented>0</segmented>
	<object>
		<name>cat</name>
		<pose>Unspecified</pose>
		<truncated>1</truncated>
		<difficult>0</difficult>
		<bndbox>
			<xmin>42</xmin>
			<ymin>1</ymin>
			<xmax>237</xmax>
			<ymax>175</ymax>
		</bndbox>
	</object>
</annotation>
