<annotation>
	<folder>Perro</folder>
	<filename>perro22.png</filename>
	<path>C:\Users\ethan\OneDrive - Universidad Técnica Federico Santa María\Documentos\Universidad\2021\2021 -Semestre 1\IWG101 P9\Proyecto_Intro\Doggesdelapobla\Clasificador\Dataset\Perro\perro22.png</path>
	<source>
		<database>Unknown</database>
	</source>
	<size>
		<width>480</width>
		<height>240</height>
		<depth>3</depth>
	</size>
	<segmented>0</segmented>
	<object>
		<name>dog</name>
		<pose>Unspecified</pose>
		<truncated>0</truncated>
		<difficult>0</difficult>
		<bndbox>
			<xmin>151</xmin>
			<ymin>5</ymin>
			<xmax>348</xmax>
			<ymax>236</ymax>
		</bndbox>
	</object>
</annotation>
