<annotation>
	<folder>perro</folder>
	<filename>perro 187.jpg</filename>
	<path>C:\Users\alici\Downloads\perro\perro 187.jpg</path>
	<source>
		<database>Unknown</database>
	</source>
	<size>
		<width>194</width>
		<height>259</height>
		<depth>3</depth>
	</size>
	<segmented>0</segmented>
	<object>
		<name>dog</name>
		<pose>Unspecified</pose>
		<truncated>1</truncated>
		<difficult>0</difficult>
		<bndbox>
			<xmin>51</xmin>
			<ymin>24</ymin>
			<xmax>188</xmax>
			<ymax>259</ymax>
		</bndbox>
	</object>
</annotation>
