<annotation>
	<folder>perro</folder>
	<filename>perro 129.png</filename>
	<path>C:\Users\alici\Downloads\perro\perro 129.png</path>
	<source>
		<database>Unknown</database>
	</source>
	<size>
		<width>240</width>
		<height>200</height>
		<depth>3</depth>
	</size>
	<segmented>0</segmented>
	<object>
		<name>dog</name>
		<pose>Unspecified</pose>
		<truncated>0</truncated>
		<difficult>0</difficult>
		<bndbox>
			<xmin>61</xmin>
			<ymin>5</ymin>
			<xmax>168</xmax>
			<ymax>198</ymax>
		</bndbox>
	</object>
</annotation>
