<annotation>
	<folder>perro</folder>
	<filename>perro 199.jpg</filename>
	<path>C:\Users\alici\Downloads\perro\perro 199.jpg</path>
	<source>
		<database>Unknown</database>
	</source>
	<size>
		<width>262</width>
		<height>193</height>
		<depth>3</depth>
	</size>
	<segmented>0</segmented>
	<object>
		<name>dog</name>
		<pose>Unspecified</pose>
		<truncated>1</truncated>
		<difficult>0</difficult>
		<bndbox>
			<xmin>44</xmin>
			<ymin>23</ymin>
			<xmax>244</xmax>
			<ymax>193</ymax>
		</bndbox>
	</object>
</annotation>
