<annotation>
	<folder>perros</folder>
	<filename>perro210.jpg</filename>
	<path>C:\Users\alici\OneDrive\Escritorio\perros\perro210.jpg</path>
	<source>
		<database>Unknown</database>
	</source>
	<size>
		<width>1080</width>
		<height>1080</height>
		<depth>3</depth>
	</size>
	<segmented>0</segmented>
	<object>
		<name>dog</name>
		<pose>Unspecified</pose>
		<truncated>0</truncated>
		<difficult>0</difficult>
		<bndbox>
			<xmin>11</xmin>
			<ymin>127</ymin>
			<xmax>1050</xmax>
			<ymax>969</ymax>
		</bndbox>
	</object>
</annotation>
