<annotation>
	<folder>perro</folder>
	<filename>perro 153.jpg</filename>
	<path>C:\Users\alici\Downloads\perro\perro 153.jpg</path>
	<source>
		<database>Unknown</database>
	</source>
	<size>
		<width>390</width>
		<height>280</height>
		<depth>3</depth>
	</size>
	<segmented>0</segmented>
	<object>
		<name>dog</name>
		<pose>Unspecified</pose>
		<truncated>1</truncated>
		<difficult>0</difficult>
		<bndbox>
			<xmin>129</xmin>
			<ymin>1</ymin>
			<xmax>256</xmax>
			<ymax>210</ymax>
		</bndbox>
	</object>
</annotation>
