<annotation>
	<folder>perro</folder>
	<filename>perro 124.jpg</filename>
	<path>C:\Users\alici\Downloads\perro\perro 124.jpg</path>
	<source>
		<database>Unknown</database>
	</source>
	<size>
		<width>289</width>
		<height>174</height>
		<depth>3</depth>
	</size>
	<segmented>0</segmented>
	<object>
		<name>dog</name>
		<pose>Unspecified</pose>
		<truncated>1</truncated>
		<difficult>0</difficult>
		<bndbox>
			<xmin>1</xmin>
			<ymin>38</ymin>
			<xmax>288</xmax>
			<ymax>165</ymax>
		</bndbox>
	</object>
</annotation>
