<annotation>
	<folder>perro</folder>
	<filename>perro 132.jpg</filename>
	<path>C:\Users\alici\Downloads\perro\perro 132.jpg</path>
	<source>
		<database>Unknown</database>
	</source>
	<size>
		<width>299</width>
		<height>168</height>
		<depth>3</depth>
	</size>
	<segmented>0</segmented>
	<object>
		<name>dog</name>
		<pose>Unspecified</pose>
		<truncated>1</truncated>
		<difficult>0</difficult>
		<bndbox>
			<xmin>57</xmin>
			<ymin>1</ymin>
			<xmax>240</xmax>
			<ymax>140</ymax>
		</bndbox>
	</object>
</annotation>
