<annotation>
	<folder>perros</folder>
	<filename>perro217.jpg</filename>
	<path>C:\Users\alici\OneDrive\Escritorio\perros\perro217.jpg</path>
	<source>
		<database>Unknown</database>
	</source>
	<size>
		<width>600</width>
		<height>450</height>
		<depth>3</depth>
	</size>
	<segmented>0</segmented>
	<object>
		<name>dog</name>
		<pose>Unspecified</pose>
		<truncated>0</truncated>
		<difficult>0</difficult>
		<bndbox>
			<xmin>97</xmin>
			<ymin>175</ymin>
			<xmax>360</xmax>
			<ymax>390</ymax>
		</bndbox>
	</object>
	<object>
		<name>dog</name>
		<pose>Unspecified</pose>
		<truncated>1</truncated>
		<difficult>0</difficult>
		<bndbox>
			<xmin>320</xmin>
			<ymin>272</ymin>
			<xmax>542</xmax>
			<ymax>450</ymax>
		</bndbox>
	</object>
</annotation>
