<annotation>
	<folder>perros</folder>
	<filename>perro257.jpg</filename>
	<path>C:\Users\alici\OneDrive\Escritorio\perros\perro257.jpg</path>
	<source>
		<database>Unknown</database>
	</source>
	<size>
		<width>552</width>
		<height>595</height>
		<depth>3</depth>
	</size>
	<segmented>0</segmented>
	<object>
		<name>dog</name>
		<pose>Unspecified</pose>
		<truncated>0</truncated>
		<difficult>0</difficult>
		<bndbox>
			<xmin>60</xmin>
			<ymin>63</ymin>
			<xmax>506</xmax>
			<ymax>387</ymax>
		</bndbox>
	</object>
</annotation>
