<annotation>
	<folder>perro</folder>
	<filename>perro 130.jpg</filename>
	<path>C:\Users\alici\Downloads\perro\perro 130.jpg</path>
	<source>
		<database>Unknown</database>
	</source>
	<size>
		<width>275</width>
		<height>183</height>
		<depth>3</depth>
	</size>
	<segmented>0</segmented>
	<object>
		<name>dog</name>
		<pose>Unspecified</pose>
		<truncated>1</truncated>
		<difficult>0</difficult>
		<bndbox>
			<xmin>1</xmin>
			<ymin>1</ymin>
			<xmax>198</xmax>
			<ymax>179</ymax>
		</bndbox>
	</object>
</annotation>
