<annotation>
	<folder>perro</folder>
	<filename>perro 142.jpg</filename>
	<path>C:\Users\alici\Downloads\perro\perro 142.jpg</path>
	<source>
		<database>Unknown</database>
	</source>
	<size>
		<width>279</width>
		<height>181</height>
		<depth>3</depth>
	</size>
	<segmented>0</segmented>
	<object>
		<name>dog</name>
		<pose>Unspecified</pose>
		<truncated>0</truncated>
		<difficult>0</difficult>
		<bndbox>
			<xmin>95</xmin>
			<ymin>51</ymin>
			<xmax>255</xmax>
			<ymax>150</ymax>
		</bndbox>
	</object>
</annotation>
