<annotation>
	<folder>Perro</folder>
	<filename>perro19.jpg</filename>
	<path>C:\Users\ethan\OneDrive - Universidad Técnica Federico Santa María\Documentos\Universidad\2021\2021 -Semestre 1\IWG101 P9\Proyecto_Intro\Doggesdelapobla\Clasificador\Dataset\Perro\perro19.jpg</path>
	<source>
		<database>Unknown</database>
	</source>
	<size>
		<width>865</width>
		<height>540</height>
		<depth>3</depth>
	</size>
	<segmented>0</segmented>
	<object>
		<name>dog</name>
		<pose>Unspecified</pose>
		<truncated>1</truncated>
		<difficult>0</difficult>
		<bndbox>
			<xmin>151</xmin>
			<ymin>1</ymin>
			<xmax>739</xmax>
			<ymax>512</ymax>
		</bndbox>
	</object>
</annotation>
