<annotation>
	<folder>perro</folder>
	<filename>perro 108.jpg</filename>
	<path>C:\Users\alici\Downloads\perro\perro 108.jpg</path>
	<source>
		<database>Unknown</database>
	</source>
	<size>
		<width>924</width>
		<height>530</height>
		<depth>3</depth>
	</size>
	<segmented>0</segmented>
	<object>
		<name>dog</name>
		<pose>Unspecified</pose>
		<truncated>0</truncated>
		<difficult>0</difficult>
		<bndbox>
			<xmin>386</xmin>
			<ymin>164</ymin>
			<xmax>827</xmax>
			<ymax>525</ymax>
		</bndbox>
	</object>
</annotation>
