<annotation>
	<folder>perro</folder>
	<filename>perro 178.jpg</filename>
	<path>C:\Users\alici\Downloads\perro\perro 178.jpg</path>
	<source>
		<database>Unknown</database>
	</source>
	<size>
		<width>340</width>
		<height>227</height>
		<depth>3</depth>
	</size>
	<segmented>0</segmented>
	<object>
		<name>dog</name>
		<pose>Unspecified</pose>
		<truncated>0</truncated>
		<difficult>0</difficult>
		<bndbox>
			<xmin>66</xmin>
			<ymin>10</ymin>
			<xmax>256</xmax>
			<ymax>217</ymax>
		</bndbox>
	</object>
</annotation>
