<annotation>
	<folder>perro</folder>
	<filename>perro 184.jpg</filename>
	<path>C:\Users\alici\Downloads\perro\perro 184.jpg</path>
	<source>
		<database>Unknown</database>
	</source>
	<size>
		<width>236</width>
		<height>217</height>
		<depth>3</depth>
	</size>
	<segmented>0</segmented>
	<object>
		<name>dog</name>
		<pose>Unspecified</pose>
		<truncated>1</truncated>
		<difficult>0</difficult>
		<bndbox>
			<xmin>14</xmin>
			<ymin>5</ymin>
			<xmax>230</xmax>
			<ymax>217</ymax>
		</bndbox>
	</object>
</annotation>
