<annotation>
	<folder>perro</folder>
	<filename>perro 175.jpg</filename>
	<path>C:\Users\alici\Downloads\perro\perro 175.jpg</path>
	<source>
		<database>Unknown</database>
	</source>
	<size>
		<width>400</width>
		<height>250</height>
		<depth>3</depth>
	</size>
	<segmented>0</segmented>
	<object>
		<name>dog</name>
		<pose>Unspecified</pose>
		<truncated>0</truncated>
		<difficult>0</difficult>
		<bndbox>
			<xmin>127</xmin>
			<ymin>7</ymin>
			<xmax>399</xmax>
			<ymax>249</ymax>
		</bndbox>
	</object>
</annotation>
