<annotation>
	<folder>perros</folder>
	<filename>perro238.jpg</filename>
	<path>C:\Users\alici\OneDrive\Escritorio\perros\perro238.jpg</path>
	<source>
		<database>Unknown</database>
	</source>
	<size>
		<width>526</width>
		<height>514</height>
		<depth>3</depth>
	</size>
	<segmented>0</segmented>
	<object>
		<name>dog</name>
		<pose>Unspecified</pose>
		<truncated>0</truncated>
		<difficult>0</difficult>
		<bndbox>
			<xmin>85</xmin>
			<ymin>79</ymin>
			<xmax>337</xmax>
			<ymax>458</ymax>
		</bndbox>
	</object>
</annotation>
