<annotation>
	<folder>perros</folder>
	<filename>perro262.jpg</filename>
	<path>C:\Users\alici\OneDrive\Escritorio\perros\perro262.jpg</path>
	<source>
		<database>Unknown</database>
	</source>
	<size>
		<width>467</width>
		<height>600</height>
		<depth>3</depth>
	</size>
	<segmented>0</segmented>
	<object>
		<name>dog</name>
		<pose>Unspecified</pose>
		<truncated>0</truncated>
		<difficult>0</difficult>
		<bndbox>
			<xmin>110</xmin>
			<ymin>28</ymin>
			<xmax>447</xmax>
			<ymax>598</ymax>
		</bndbox>
	</object>
</annotation>
