<annotation>
	<folder>perro</folder>
	<filename>perro 174.jpg</filename>
	<path>C:\Users\alici\Downloads\perro\perro 174.jpg</path>
	<source>
		<database>Unknown</database>
	</source>
	<size>
		<width>258</width>
		<height>195</height>
		<depth>3</depth>
	</size>
	<segmented>0</segmented>
	<object>
		<name>dog</name>
		<pose>Unspecified</pose>
		<truncated>1</truncated>
		<difficult>0</difficult>
		<bndbox>
			<xmin>1</xmin>
			<ymin>3</ymin>
			<xmax>121</xmax>
			<ymax>192</ymax>
		</bndbox>
	</object>
	<object>
		<name>dog</name>
		<pose>Unspecified</pose>
		<truncated>0</truncated>
		<difficult>0</difficult>
		<bndbox>
			<xmin>132</xmin>
			<ymin>4</ymin>
			<xmax>255</xmax>
			<ymax>193</ymax>
		</bndbox>
	</object>
</annotation>
