<annotation>
	<folder>perro</folder>
	<filename>perro 170.jpg</filename>
	<path>C:\Users\alici\Downloads\perro\perro 170.jpg</path>
	<source>
		<database>Unknown</database>
	</source>
	<size>
		<width>800</width>
		<height>600</height>
		<depth>3</depth>
	</size>
	<segmented>0</segmented>
	<object>
		<name>dog</name>
		<pose>Unspecified</pose>
		<truncated>0</truncated>
		<difficult>0</difficult>
		<bndbox>
			<xmin>155</xmin>
			<ymin>71</ymin>
			<xmax>711</xmax>
			<ymax>555</ymax>
		</bndbox>
	</object>
</annotation>
