<annotation>
	<folder>perros</folder>
	<filename>perro245.jpg</filename>
	<path>C:\Users\alici\OneDrive\Escritorio\perros\perro245.jpg</path>
	<source>
		<database>Unknown</database>
	</source>
	<size>
		<width>352</width>
		<height>491</height>
		<depth>3</depth>
	</size>
	<segmented>0</segmented>
	<object>
		<name>dog</name>
		<pose>Unspecified</pose>
		<truncated>0</truncated>
		<difficult>0</difficult>
		<bndbox>
			<xmin>84</xmin>
			<ymin>59</ymin>
			<xmax>221</xmax>
			<ymax>317</ymax>
		</bndbox>
	</object>
</annotation>
