<annotation>
	<folder>perro</folder>
	<filename>perro 101.jpeg</filename>
	<path>C:\Users\alici\Downloads\perro\perro 101.jpeg</path>
	<source>
		<database>Unknown</database>
	</source>
	<size>
		<width>1200</width>
		<height>675</height>
		<depth>3</depth>
	</size>
	<segmented>0</segmented>
	<object>
		<name>dog</name>
		<pose>Unspecified</pose>
		<truncated>0</truncated>
		<difficult>0</difficult>
		<bndbox>
			<xmin>493</xmin>
			<ymin>266</ymin>
			<xmax>687</xmax>
			<ymax>618</ymax>
		</bndbox>
	</object>
	<object>
		<name>dog</name>
		<pose>Unspecified</pose>
		<truncated>1</truncated>
		<difficult>0</difficult>
		<bndbox>
			<xmin>221</xmin>
			<ymin>390</ymin>
			<xmax>442</xmax>
			<ymax>675</ymax>
		</bndbox>
	</object>
	<object>
		<name>dog</name>
		<pose>Unspecified</pose>
		<truncated>0</truncated>
		<difficult>0</difficult>
		<bndbox>
			<xmin>23</xmin>
			<ymin>309</ymin>
			<xmax>259</xmax>
			<ymax>610</ymax>
		</bndbox>
	</object>
</annotation>
