<annotation>
	<folder>perro</folder>
	<filename>perro 154.jpg</filename>
	<path>C:\Users\alici\Downloads\perro\perro 154.jpg</path>
	<source>
		<database>Unknown</database>
	</source>
	<size>
		<width>275</width>
		<height>183</height>
		<depth>3</depth>
	</size>
	<segmented>0</segmented>
	<object>
		<name>dog</name>
		<pose>Unspecified</pose>
		<truncated>0</truncated>
		<difficult>0</difficult>
		<bndbox>
			<xmin>76</xmin>
			<ymin>96</ymin>
			<xmax>195</xmax>
			<ymax>152</ymax>
		</bndbox>
	</object>
	<object>
		<name>dog</name>
		<pose>Unspecified</pose>
		<truncated>0</truncated>
		<difficult>0</difficult>
		<bndbox>
			<xmin>119</xmin>
			<ymin>43</ymin>
			<xmax>237</xmax>
			<ymax>90</ymax>
		</bndbox>
	</object>
</annotation>
