<annotation>
	<folder>perro</folder>
	<filename>perro 152.jpg</filename>
	<path>C:\Users\alici\Downloads\perro\perro 152.jpg</path>
	<source>
		<database>Unknown</database>
	</source>
	<size>
		<width>350</width>
		<height>200</height>
		<depth>3</depth>
	</size>
	<segmented>0</segmented>
	<object>
		<name>dog</name>
		<pose>Unspecified</pose>
		<truncated>0</truncated>
		<difficult>0</difficult>
		<bndbox>
			<xmin>57</xmin>
			<ymin>5</ymin>
			<xmax>314</xmax>
			<ymax>184</ymax>
		</bndbox>
	</object>
</annotation>
