<annotation>
	<folder>perro</folder>
	<filename>perro 180.jpg</filename>
	<path>C:\Users\alici\Downloads\perro\perro 180.jpg</path>
	<source>
		<database>Unknown</database>
	</source>
	<size>
		<width>798</width>
		<height>557</height>
		<depth>3</depth>
	</size>
	<segmented>0</segmented>
	<object>
		<name>dog</name>
		<pose>Unspecified</pose>
		<truncated>1</truncated>
		<difficult>0</difficult>
		<bndbox>
			<xmin>222</xmin>
			<ymin>244</ymin>
			<xmax>483</xmax>
			<ymax>557</ymax>
		</bndbox>
	</object>
</annotation>
