<annotation>
	<folder>perros</folder>
	<filename>perro229.jpg</filename>
	<path>C:\Users\alici\OneDrive\Escritorio\perros\perro229.jpg</path>
	<source>
		<database>Unknown</database>
	</source>
	<size>
		<width>450</width>
		<height>600</height>
		<depth>3</depth>
	</size>
	<segmented>0</segmented>
	<object>
		<name>dog</name>
		<pose>Unspecified</pose>
		<truncated>0</truncated>
		<difficult>0</difficult>
		<bndbox>
			<xmin>142</xmin>
			<ymin>119</ymin>
			<xmax>292</xmax>
			<ymax>390</ymax>
		</bndbox>
	</object>
	<object>
		<name>dog</name>
		<pose>Unspecified</pose>
		<truncated>0</truncated>
		<difficult>0</difficult>
		<bndbox>
			<xmin>247</xmin>
			<ymin>315</ymin>
			<xmax>430</xmax>
			<ymax>554</ymax>
		</bndbox>
	</object>
</annotation>
