<annotation>
	<folder>perro</folder>
	<filename>perro 179.jpg</filename>
	<path>C:\Users\alici\Downloads\perro\perro 179.jpg</path>
	<source>
		<database>Unknown</database>
	</source>
	<size>
		<width>299</width>
		<height>168</height>
		<depth>3</depth>
	</size>
	<segmented>0</segmented>
	<object>
		<name>dog</name>
		<pose>Unspecified</pose>
		<truncated>0</truncated>
		<difficult>0</difficult>
		<bndbox>
			<xmin>85</xmin>
			<ymin>13</ymin>
			<xmax>162</xmax>
			<ymax>154</ymax>
		</bndbox>
	</object>
</annotation>
