<annotation>
	<folder>perro</folder>
	<filename>perro 192.jpg</filename>
	<path>C:\Users\alici\Downloads\perro\perro 192.jpg</path>
	<source>
		<database>Unknown</database>
	</source>
	<size>
		<width>234</width>
		<height>215</height>
		<depth>3</depth>
	</size>
	<segmented>0</segmented>
	<object>
		<name>dog</name>
		<pose>Unspecified</pose>
		<truncated>1</truncated>
		<difficult>0</difficult>
		<bndbox>
			<xmin>15</xmin>
			<ymin>3</ymin>
			<xmax>230</xmax>
			<ymax>215</ymax>
		</bndbox>
	</object>
</annotation>
