<annotation>
	<folder>perro</folder>
	<filename>perro 137.jpg</filename>
	<path>C:\Users\alici\Downloads\perro\perro 137.jpg</path>
	<source>
		<database>Unknown</database>
	</source>
	<size>
		<width>284</width>
		<height>177</height>
		<depth>3</depth>
	</size>
	<segmented>0</segmented>
	<object>
		<name>dog</name>
		<pose>Unspecified</pose>
		<truncated>0</truncated>
		<difficult>0</difficult>
		<bndbox>
			<xmin>49</xmin>
			<ymin>34</ymin>
			<xmax>262</xmax>
			<ymax>140</ymax>
		</bndbox>
	</object>
</annotation>
