<annotation>
	<folder>perro</folder>
	<filename>perro 133.jpeg</filename>
	<path>C:\Users\alici\Downloads\perro\perro 133.jpeg</path>
	<source>
		<database>Unknown</database>
	</source>
	<size>
		<width>400</width>
		<height>250</height>
		<depth>3</depth>
	</size>
	<segmented>0</segmented>
	<object>
		<name>dog</name>
		<pose>Unspecified</pose>
		<truncated>1</truncated>
		<difficult>0</difficult>
		<bndbox>
			<xmin>125</xmin>
			<ymin>81</ymin>
			<xmax>264</xmax>
			<ymax>250</ymax>
		</bndbox>
	</object>
</annotation>
