<annotation>
	<folder>perro</folder>
	<filename>perro 109.jpg</filename>
	<path>C:\Users\alici\Downloads\perro\perro 109.jpg</path>
	<source>
		<database>Unknown</database>
	</source>
	<size>
		<width>1068</width>
		<height>1689</height>
		<depth>3</depth>
	</size>
	<segmented>0</segmented>
	<object>
		<name>dog</name>
		<pose>Unspecified</pose>
		<truncated>0</truncated>
		<difficult>0</difficult>
		<bndbox>
			<xmin>75</xmin>
			<ymin>226</ymin>
			<xmax>942</xmax>
			<ymax>1600</ymax>
		</bndbox>
	</object>
</annotation>
