<annotation>
	<folder>perro</folder>
	<filename>perro 126.jpg</filename>
	<path>C:\Users\alici\Downloads\perro\perro 126.jpg</path>
	<source>
		<database>Unknown</database>
	</source>
	<size>
		<width>264</width>
		<height>191</height>
		<depth>3</depth>
	</size>
	<segmented>0</segmented>
	<object>
		<name>dog</name>
		<pose>Unspecified</pose>
		<truncated>0</truncated>
		<difficult>0</difficult>
		<bndbox>
			<xmin>18</xmin>
			<ymin>45</ymin>
			<xmax>127</xmax>
			<ymax>178</ymax>
		</bndbox>
	</object>
	<object>
		<name>dog</name>
		<pose>Unspecified</pose>
		<truncated>0</truncated>
		<difficult>0</difficult>
		<bndbox>
			<xmin>118</xmin>
			<ymin>88</ymin>
			<xmax>212</xmax>
			<ymax>187</ymax>
		</bndbox>
	</object>
</annotation>
