<annotation>
	<folder>perro</folder>
	<filename>perro 127.png</filename>
	<path>C:\Users\alici\Downloads\perro\perro 127.png</path>
	<source>
		<database>Unknown</database>
	</source>
	<size>
		<width>567</width>
		<height>319</height>
		<depth>3</depth>
	</size>
	<segmented>0</segmented>
	<object>
		<name>dog</name>
		<pose>Unspecified</pose>
		<truncated>1</truncated>
		<difficult>0</difficult>
		<bndbox>
			<xmin>209</xmin>
			<ymin>1</ymin>
			<xmax>567</xmax>
			<ymax>306</ymax>
		</bndbox>
	</object>
</annotation>
