<annotation>
	<folder>perro</folder>
	<filename>perro 183.jpg</filename>
	<path>C:\Users\alici\Downloads\perro\perro 183.jpg</path>
	<source>
		<database>Unknown</database>
	</source>
	<size>
		<width>236</width>
		<height>236</height>
		<depth>1</depth>
	</size>
	<segmented>0</segmented>
	<object>
		<name>dog</name>
		<pose>Unspecified</pose>
		<truncated>0</truncated>
		<difficult>0</difficult>
		<bndbox>
			<xmin>42</xmin>
			<ymin>31</ymin>
			<xmax>204</xmax>
			<ymax>223</ymax>
		</bndbox>
	</object>
</annotation>
