<annotation>
	<folder>perro</folder>
	<filename>perro 125.jpg</filename>
	<path>C:\Users\alici\Downloads\perro\perro 125.jpg</path>
	<source>
		<database>Unknown</database>
	</source>
	<size>
		<width>1100</width>
		<height>580</height>
		<depth>3</depth>
	</size>
	<segmented>0</segmented>
	<object>
		<name>dog</name>
		<pose>Unspecified</pose>
		<truncated>1</truncated>
		<difficult>0</difficult>
		<bndbox>
			<xmin>325</xmin>
			<ymin>1</ymin>
			<xmax>746</xmax>
			<ymax>580</ymax>
		</bndbox>
	</object>
</annotation>
