<annotation>
	<folder>perro</folder>
	<filename>perro 167.jpg</filename>
	<path>C:\Users\alici\Downloads\perro\perro 167.jpg</path>
	<source>
		<database>Unknown</database>
	</source>
	<size>
		<width>512</width>
		<height>341</height>
		<depth>3</depth>
	</size>
	<segmented>0</segmented>
	<object>
		<name>dog</name>
		<pose>Unspecified</pose>
		<truncated>0</truncated>
		<difficult>0</difficult>
		<bndbox>
			<xmin>139</xmin>
			<ymin>64</ymin>
			<xmax>338</xmax>
			<ymax>265</ymax>
		</bndbox>
	</object>
</annotation>
