<annotation>
	<folder>perro</folder>
	<filename>perro 186.jpg</filename>
	<path>C:\Users\alici\Downloads\perro\perro 186.jpg</path>
	<source>
		<database>Unknown</database>
	</source>
	<size>
		<width>259</width>
		<height>194</height>
		<depth>3</depth>
	</size>
	<segmented>0</segmented>
	<object>
		<name>dog</name>
		<pose>Unspecified</pose>
		<truncated>1</truncated>
		<difficult>0</difficult>
		<bndbox>
			<xmin>86</xmin>
			<ymin>8</ymin>
			<xmax>214</xmax>
			<ymax>194</ymax>
		</bndbox>
	</object>
</annotation>
