<annotation>
	<folder>perros</folder>
	<filename>perro226.jpg</filename>
	<path>C:\Users\alici\OneDrive\Escritorio\perros\perro226.jpg</path>
	<source>
		<database>Unknown</database>
	</source>
	<size>
		<width>403</width>
		<height>597</height>
		<depth>3</depth>
	</size>
	<segmented>0</segmented>
	<object>
		<name>dog</name>
		<pose>Unspecified</pose>
		<truncated>1</truncated>
		<difficult>0</difficult>
		<bndbox>
			<xmin>9</xmin>
			<ymin>62</ymin>
			<xmax>400</xmax>
			<ymax>597</ymax>
		</bndbox>
	</object>
</annotation>
