<annotation>
	<folder>perro</folder>
	<filename>perro 115.jpg</filename>
	<path>C:\Users\alici\Downloads\perro\perro 115.jpg</path>
	<source>
		<database>Unknown</database>
	</source>
	<size>
		<width>400</width>
		<height>250</height>
		<depth>3</depth>
	</size>
	<segmented>0</segmented>
	<object>
		<name>dog</name>
		<pose>Unspecified</pose>
		<truncated>1</truncated>
		<difficult>0</difficult>
		<bndbox>
			<xmin>88</xmin>
			<ymin>16</ymin>
			<xmax>282</xmax>
			<ymax>250</ymax>
		</bndbox>
	</object>
</annotation>
