<annotation>
	<folder>perro</folder>
	<filename>perro 144.jpg</filename>
	<path>C:\Users\alici\Downloads\perro\perro 144.jpg</path>
	<source>
		<database>Unknown</database>
	</source>
	<size>
		<width>560</width>
		<height>350</height>
		<depth>3</depth>
	</size>
	<segmented>0</segmented>
	<object>
		<name>dog</name>
		<pose>Unspecified</pose>
		<truncated>0</truncated>
		<difficult>0</difficult>
		<bndbox>
			<xmin>226</xmin>
			<ymin>62</ymin>
			<xmax>407</xmax>
			<ymax>294</ymax>
		</bndbox>
	</object>
</annotation>
