<annotation>
	<folder>perros</folder>
	<filename>perro220.jpg</filename>
	<path>C:\Users\alici\OneDrive\Escritorio\perros\perro220.jpg</path>
	<source>
		<database>Unknown</database>
	</source>
	<size>
		<width>552</width>
		<height>589</height>
		<depth>3</depth>
	</size>
	<segmented>0</segmented>
	<object>
		<name>dog</name>
		<pose>Unspecified</pose>
		<truncated>0</truncated>
		<difficult>0</difficult>
		<bndbox>
			<xmin>75</xmin>
			<ymin>303</ymin>
			<xmax>360</xmax>
			<ymax>506</ymax>
		</bndbox>
	</object>
</annotation>
