<annotation>
	<folder>perros</folder>
	<filename>perro259.jpg</filename>
	<path>C:\Users\alici\OneDrive\Escritorio\perros\perro259.jpg</path>
	<source>
		<database>Unknown</database>
	</source>
	<size>
		<width>405</width>
		<height>543</height>
		<depth>3</depth>
	</size>
	<segmented>0</segmented>
	<object>
		<name>dog</name>
		<pose>Unspecified</pose>
		<truncated>0</truncated>
		<difficult>0</difficult>
		<bndbox>
			<xmin>79</xmin>
			<ymin>128</ymin>
			<xmax>314</xmax>
			<ymax>392</ymax>
		</bndbox>
	</object>
</annotation>
