<annotation>
	<folder>perros</folder>
	<filename>perro234.jpg</filename>
	<path>C:\Users\alici\OneDrive\Escritorio\perros\perro234.jpg</path>
	<source>
		<database>Unknown</database>
	</source>
	<size>
		<width>526</width>
		<height>701</height>
		<depth>3</depth>
	</size>
	<segmented>0</segmented>
	<object>
		<name>dog</name>
		<pose>Unspecified</pose>
		<truncated>0</truncated>
		<difficult>0</difficult>
		<bndbox>
			<xmin>92</xmin>
			<ymin>189</ymin>
			<xmax>413</xmax>
			<ymax>618</ymax>
		</bndbox>
	</object>
</annotation>
