<annotation>
	<folder>perro</folder>
	<filename>perro 182.jpg</filename>
	<path>C:\Users\alici\Downloads\perro\perro 182.jpg</path>
	<source>
		<database>Unknown</database>
	</source>
	<size>
		<width>1170</width>
		<height>1755</height>
		<depth>3</depth>
	</size>
	<segmented>0</segmented>
	<object>
		<name>dog</name>
		<pose>Unspecified</pose>
		<truncated>0</truncated>
		<difficult>0</difficult>
		<bndbox>
			<xmin>102</xmin>
			<ymin>85</ymin>
			<xmax>997</xmax>
			<ymax>1663</ymax>
		</bndbox>
	</object>
</annotation>
