<annotation>
	<folder>perro</folder>
	<filename>perro 134.jpg</filename>
	<path>C:\Users\alici\Downloads\perro\perro 134.jpg</path>
	<source>
		<database>Unknown</database>
	</source>
	<size>
		<width>263</width>
		<height>192</height>
		<depth>3</depth>
	</size>
	<segmented>0</segmented>
	<object>
		<name>dog</name>
		<pose>Unspecified</pose>
		<truncated>0</truncated>
		<difficult>0</difficult>
		<bndbox>
			<xmin>78</xmin>
			<ymin>49</ymin>
			<xmax>169</xmax>
			<ymax>166</ymax>
		</bndbox>
	</object>
</annotation>
