<annotation>
	<folder>perros</folder>
	<filename>perro246.jpg</filename>
	<path>C:\Users\alici\OneDrive\Escritorio\perros\perro246.jpg</path>
	<source>
		<database>Unknown</database>
	</source>
	<size>
		<width>160</width>
		<height>214</height>
		<depth>3</depth>
	</size>
	<segmented>0</segmented>
	<object>
		<name>dog</name>
		<pose>Unspecified</pose>
		<truncated>1</truncated>
		<difficult>0</difficult>
		<bndbox>
			<xmin>31</xmin>
			<ymin>30</ymin>
			<xmax>160</xmax>
			<ymax>207</ymax>
		</bndbox>
	</object>
</annotation>
