<annotation>
	<folder>perro</folder>
	<filename>perro 138.jpg</filename>
	<path>C:\Users\alici\Downloads\perro\perro 138.jpg</path>
	<source>
		<database>Unknown</database>
	</source>
	<size>
		<width>296</width>
		<height>170</height>
		<depth>3</depth>
	</size>
	<segmented>0</segmented>
	<object>
		<name>dog</name>
		<pose>Unspecified</pose>
		<truncated>0</truncated>
		<difficult>0</difficult>
		<bndbox>
			<xmin>18</xmin>
			<ymin>19</ymin>
			<xmax>129</xmax>
			<ymax>133</ymax>
		</bndbox>
	</object>
	<object>
		<name>dog</name>
		<pose>Unspecified</pose>
		<truncated>0</truncated>
		<difficult>0</difficult>
		<bndbox>
			<xmin>130</xmin>
			<ymin>32</ymin>
			<xmax>199</xmax>
			<ymax>136</ymax>
		</bndbox>
	</object>
</annotation>
