<annotation>
	<folder>perro</folder>
	<filename>perro 105.jpeg</filename>
	<path>C:\Users\alici\Downloads\perro\perro 105.jpeg</path>
	<source>
		<database>Unknown</database>
	</source>
	<size>
		<width>612</width>
		<height>340</height>
		<depth>3</depth>
	</size>
	<segmented>0</segmented>
	<object>
		<name>dog</name>
		<pose>Unspecified</pose>
		<truncated>0</truncated>
		<difficult>0</difficult>
		<bndbox>
			<xmin>158</xmin>
			<ymin>47</ymin>
			<xmax>433</xmax>
			<ymax>316</ymax>
		</bndbox>
	</object>
</annotation>
