<annotation>
	<folder>perros</folder>
	<filename>perro212.jpg</filename>
	<path>C:\Users\alici\OneDrive\Escritorio\perros\perro212.jpg</path>
	<source>
		<database>Unknown</database>
	</source>
	<size>
		<width>720</width>
		<height>960</height>
		<depth>3</depth>
	</size>
	<segmented>0</segmented>
	<object>
		<name>dog</name>
		<pose>Unspecified</pose>
		<truncated>1</truncated>
		<difficult>0</difficult>
		<bndbox>
			<xmin>1</xmin>
			<ymin>159</ymin>
			<xmax>626</xmax>
			<ymax>684</ymax>
		</bndbox>
	</object>
</annotation>
