<annotation>
	<folder>perro</folder>
	<filename>perro 157.jpg</filename>
	<path>C:\Users\alici\Downloads\perro\perro 157.jpg</path>
	<source>
		<database>Unknown</database>
	</source>
	<size>
		<width>275</width>
		<height>183</height>
		<depth>3</depth>
	</size>
	<segmented>0</segmented>
	<object>
		<name>dog</name>
		<pose>Unspecified</pose>
		<truncated>0</truncated>
		<difficult>0</difficult>
		<bndbox>
			<xmin>64</xmin>
			<ymin>53</ymin>
			<xmax>234</xmax>
			<ymax>131</ymax>
		</bndbox>
	</object>
</annotation>
