<annotation>
	<folder>perro</folder>
	<filename>perro 135.jpg</filename>
	<path>C:\Users\alici\Downloads\perro\perro 135.jpg</path>
	<source>
		<database>Unknown</database>
	</source>
	<size>
		<width>299</width>
		<height>168</height>
		<depth>3</depth>
	</size>
	<segmented>0</segmented>
	<object>
		<name>dog</name>
		<pose>Unspecified</pose>
		<truncated>0</truncated>
		<difficult>0</difficult>
		<bndbox>
			<xmin>124</xmin>
			<ymin>33</ymin>
			<xmax>224</xmax>
			<ymax>147</ymax>
		</bndbox>
	</object>
</annotation>
