<annotation>
	<folder>perros</folder>
	<filename>perro256.jpg</filename>
	<path>C:\Users\alici\OneDrive\Escritorio\perros\perro256.jpg</path>
	<source>
		<database>Unknown</database>
	</source>
	<size>
		<width>350</width>
		<height>594</height>
		<depth>3</depth>
	</size>
	<segmented>0</segmented>
	<object>
		<name>dog</name>
		<pose>Unspecified</pose>
		<truncated>0</truncated>
		<difficult>0</difficult>
		<bndbox>
			<xmin>16</xmin>
			<ymin>70</ymin>
			<xmax>195</xmax>
			<ymax>487</ymax>
		</bndbox>
	</object>
	<object>
		<name>dog</name>
		<pose>Unspecified</pose>
		<truncated>1</truncated>
		<difficult>0</difficult>
		<bndbox>
			<xmin>171</xmin>
			<ymin>221</ymin>
			<xmax>350</xmax>
			<ymax>504</ymax>
		</bndbox>
	</object>
</annotation>
