<annotation>
	<folder>perro</folder>
	<filename>perro 176.jpg</filename>
	<path>C:\Users\alici\Downloads\perro\perro 176.jpg</path>
	<source>
		<database>Unknown</database>
	</source>
	<size>
		<width>290</width>
		<height>174</height>
		<depth>3</depth>
	</size>
	<segmented>0</segmented>
	<object>
		<name>dog</name>
		<pose>Unspecified</pose>
		<truncated>0</truncated>
		<difficult>0</difficult>
		<bndbox>
			<xmin>81</xmin>
			<ymin>10</ymin>
			<xmax>273</xmax>
			<ymax>119</ymax>
		</bndbox>
	</object>
</annotation>
