<annotation>
	<folder>perros</folder>
	<filename>perro265.jpg</filename>
	<path>C:\Users\alici\OneDrive\Escritorio\perros\perro265.jpg</path>
	<source>
		<database>Unknown</database>
	</source>
	<size>
		<width>576</width>
		<height>600</height>
		<depth>3</depth>
	</size>
	<segmented>0</segmented>
	<object>
		<name>dog</name>
		<pose>Unspecified</pose>
		<truncated>0</truncated>
		<difficult>0</difficult>
		<bndbox>
			<xmin>176</xmin>
			<ymin>191</ymin>
			<xmax>285</xmax>
			<ymax>358</ymax>
		</bndbox>
	</object>
</annotation>
