<annotation>
	<folder>perro</folder>
	<filename>perro 189.jpg</filename>
	<path>C:\Users\alici\Downloads\perro\perro 189.jpg</path>
	<source>
		<database>Unknown</database>
	</source>
	<size>
		<width>156</width>
		<height>324</height>
		<depth>3</depth>
	</size>
	<segmented>0</segmented>
	<object>
		<name>dog</name>
		<pose>Unspecified</pose>
		<truncated>0</truncated>
		<difficult>0</difficult>
		<bndbox>
			<xmin>5</xmin>
			<ymin>2</ymin>
			<xmax>124</xmax>
			<ymax>241</ymax>
		</bndbox>
	</object>
</annotation>
