<annotation>
	<folder>perro</folder>
	<filename>perro 163.jpg</filename>
	<path>C:\Users\alici\Downloads\perro\perro 163.jpg</path>
	<source>
		<database>Unknown</database>
	</source>
	<size>
		<width>314</width>
		<height>161</height>
		<depth>3</depth>
	</size>
	<segmented>0</segmented>
	<object>
		<name>dog</name>
		<pose>Unspecified</pose>
		<truncated>1</truncated>
		<difficult>0</difficult>
		<bndbox>
			<xmin>153</xmin>
			<ymin>5</ymin>
			<xmax>259</xmax>
			<ymax>161</ymax>
		</bndbox>
	</object>
</annotation>
