<annotation>
	<folder>perro</folder>
	<filename>perro 150.jpg</filename>
	<path>C:\Users\alici\Downloads\perro\perro 150.jpg</path>
	<source>
		<database>Unknown</database>
	</source>
	<size>
		<width>275</width>
		<height>183</height>
		<depth>3</depth>
	</size>
	<segmented>0</segmented>
	<object>
		<name>dog</name>
		<pose>Unspecified</pose>
		<truncated>0</truncated>
		<difficult>0</difficult>
		<bndbox>
			<xmin>44</xmin>
			<ymin>44</ymin>
			<xmax>210</xmax>
			<ymax>169</ymax>
		</bndbox>
	</object>
</annotation>
