<annotation>
	<folder>Perro</folder>
	<filename>perro201.jpg</filename>
	<path>C:\Users\ethan\OneDrive - Universidad Técnica Federico Santa María\Documentos\Universidad\2021\2021 -Semestre 1\IWG101 P9\Proyecto_Intro\Doggesdelapobla\Clasificador\Dataset\Perro\perro201.jpg</path>
	<source>
		<database>Unknown</database>
	</source>
	<size>
		<width>260</width>
		<height>194</height>
		<depth>3</depth>
	</size>
	<segmented>0</segmented>
	<object>
		<name>dog</name>
		<pose>Unspecified</pose>
		<truncated>0</truncated>
		<difficult>0</difficult>
		<bndbox>
			<xmin>84</xmin>
			<ymin>94</ymin>
			<xmax>147</xmax>
			<ymax>174</ymax>
		</bndbox>
	</object>
</annotation>
