<annotation>
	<folder>perro</folder>
	<filename>perro 181.jpg</filename>
	<path>C:\Users\alici\Downloads\perro\perro 181.jpg</path>
	<source>
		<database>Unknown</database>
	</source>
	<size>
		<width>663</width>
		<height>350</height>
		<depth>3</depth>
	</size>
	<segmented>0</segmented>
	<object>
		<name>dog</name>
		<pose>Unspecified</pose>
		<truncated>0</truncated>
		<difficult>0</difficult>
		<bndbox>
			<xmin>196</xmin>
			<ymin>90</ymin>
			<xmax>568</xmax>
			<ymax>334</ymax>
		</bndbox>
	</object>
</annotation>
