<annotation>
	<folder>perro</folder>
	<filename>perro 188.jpg</filename>
	<path>C:\Users\alici\Downloads\perro\perro 188.jpg</path>
	<source>
		<database>Unknown</database>
	</source>
	<size>
		<width>187</width>
		<height>269</height>
		<depth>3</depth>
	</size>
	<segmented>0</segmented>
	<object>
		<name>dog</name>
		<pose>Unspecified</pose>
		<truncated>1</truncated>
		<difficult>0</difficult>
		<bndbox>
			<xmin>1</xmin>
			<ymin>3</ymin>
			<xmax>168</xmax>
			<ymax>269</ymax>
		</bndbox>
	</object>
</annotation>
