<annotation>
	<folder>perro</folder>
	<filename>perro 194.jpg</filename>
	<path>C:\Users\alici\Downloads\perro\perro 194.jpg</path>
	<source>
		<database>Unknown</database>
	</source>
	<size>
		<width>277</width>
		<height>182</height>
		<depth>3</depth>
	</size>
	<segmented>0</segmented>
	<object>
		<name>dog</name>
		<pose>Unspecified</pose>
		<truncated>0</truncated>
		<difficult>0</difficult>
		<bndbox>
			<xmin>84</xmin>
			<ymin>34</ymin>
			<xmax>252</xmax>
			<ymax>150</ymax>
		</bndbox>
	</object>
</annotation>
