<annotation>
	<folder>perro</folder>
	<filename>perro 121.jpeg</filename>
	<path>C:\Users\alici\Downloads\perro\perro 121.jpeg</path>
	<source>
		<database>Unknown</database>
	</source>
	<size>
		<width>853</width>
		<height>1280</height>
		<depth>3</depth>
	</size>
	<segmented>0</segmented>
	<object>
		<name>dog</name>
		<pose>Unspecified</pose>
		<truncated>1</truncated>
		<difficult>0</difficult>
		<bndbox>
			<xmin>80</xmin>
			<ymin>282</ymin>
			<xmax>853</xmax>
			<ymax>1221</ymax>
		</bndbox>
	</object>
</annotation>
