<annotation>
	<folder>perros</folder>
	<filename>perro253.jpg</filename>
	<path>C:\Users\alici\OneDrive\Escritorio\perros\perro253.jpg</path>
	<source>
		<database>Unknown</database>
	</source>
	<size>
		<width>526</width>
		<height>701</height>
		<depth>3</depth>
	</size>
	<segmented>0</segmented>
	<object>
		<name>dog</name>
		<pose>Unspecified</pose>
		<truncated>0</truncated>
		<difficult>0</difficult>
		<bndbox>
			<xmin>101</xmin>
			<ymin>197</ymin>
			<xmax>364</xmax>
			<ymax>498</ymax>
		</bndbox>
	</object>
</annotation>
