<annotation>
	<folder>perro</folder>
	<filename>perro 102.jpg</filename>
	<path>C:\Users\alici\Downloads\perro\perro 102.jpg</path>
	<source>
		<database>Unknown</database>
	</source>
	<size>
		<width>0</width>
		<height>0</height>
		<depth>3</depth>
	</size>
	<segmented>0</segmented>
	<object>
		<name>dog</name>
		<pose>Unspecified</pose>
		<truncated>0</truncated>
		<difficult>0</difficult>
		<bndbox>
			<xmin>83</xmin>
			<ymin>26</ymin>
			<xmax>332</xmax>
			<ymax>205</ymax>
		</bndbox>
	</object>
</annotation>
