<annotation>
	<folder>perro</folder>
	<filename>perro 158.jpg</filename>
	<path>C:\Users\alici\Downloads\perro\perro 158.jpg</path>
	<source>
		<database>Unknown</database>
	</source>
	<size>
		<width>480</width>
		<height>720</height>
		<depth>3</depth>
	</size>
	<segmented>0</segmented>
	<object>
		<name>dog</name>
		<pose>Unspecified</pose>
		<truncated>1</truncated>
		<difficult>0</difficult>
		<bndbox>
			<xmin>1</xmin>
			<ymin>10</ymin>
			<xmax>467</xmax>
			<ymax>664</ymax>
		</bndbox>
	</object>
</annotation>
