<annotation>
	<folder>perros</folder>
	<filename>perro239.jpg</filename>
	<path>C:\Users\alici\OneDrive\Escritorio\perros\perro239.jpg</path>
	<source>
		<database>Unknown</database>
	</source>
	<size>
		<width>450</width>
		<height>600</height>
		<depth>3</depth>
	</size>
	<segmented>0</segmented>
	<object>
		<name>dog</name>
		<pose>Unspecified</pose>
		<truncated>0</truncated>
		<difficult>0</difficult>
		<bndbox>
			<xmin>124</xmin>
			<ymin>273</ymin>
			<xmax>252</xmax>
			<ymax>495</ymax>
		</bndbox>
	</object>
</annotation>
