<annotation>
	<folder>perros</folder>
	<filename>perro264.jpg</filename>
	<path>C:\Users\alici\OneDrive\Escritorio\perros\perro264.jpg</path>
	<source>
		<database>Unknown</database>
	</source>
	<size>
		<width>507</width>
		<height>720</height>
		<depth>3</depth>
	</size>
	<segmented>0</segmented>
	<object>
		<name>dog</name>
		<pose>Unspecified</pose>
		<truncated>0</truncated>
		<difficult>0</difficult>
		<bndbox>
			<xmin>75</xmin>
			<ymin>397</ymin>
			<xmax>270</xmax>
			<ymax>676</ymax>
		</bndbox>
	</object>
	<object>
		<name>dog</name>
		<pose>Unspecified</pose>
		<truncated>0</truncated>
		<difficult>0</difficult>
		<bndbox>
			<xmin>376</xmin>
			<ymin>322</ymin>
			<xmax>474</xmax>
			<ymax>465</ymax>
		</bndbox>
	</object>
	<object>
		<name>dog</name>
		<pose>Unspecified</pose>
		<truncated>0</truncated>
		<difficult>0</difficult>
		<bndbox>
			<xmin>364</xmin>
			<ymin>548</ymin>
			<xmax>502</xmax>
			<ymax>719</ymax>
		</bndbox>
	</object>
</annotation>
