<annotation>
	<folder>perro</folder>
	<filename>perro 162.jpg</filename>
	<path>C:\Users\alici\Downloads\perro\perro 162.jpg</path>
	<source>
		<database>Unknown</database>
	</source>
	<size>
		<width>294</width>
		<height>171</height>
		<depth>3</depth>
	</size>
	<segmented>0</segmented>
	<object>
		<name>dog</name>
		<pose>Unspecified</pose>
		<truncated>0</truncated>
		<difficult>0</difficult>
		<bndbox>
			<xmin>101</xmin>
			<ymin>17</ymin>
			<xmax>159</xmax>
			<ymax>108</ymax>
		</bndbox>
	</object>
</annotation>
