<annotation>
	<folder>perro</folder>
	<filename>perro 191.jpg</filename>
	<path>C:\Users\alici\Downloads\perro\perro 191.jpg</path>
	<source>
		<database>Unknown</database>
	</source>
	<size>
		<width>279</width>
		<height>181</height>
		<depth>3</depth>
	</size>
	<segmented>0</segmented>
	<object>
		<name>dog</name>
		<pose>Unspecified</pose>
		<truncated>1</truncated>
		<difficult>0</difficult>
		<bndbox>
			<xmin>107</xmin>
			<ymin>1</ymin>
			<xmax>226</xmax>
			<ymax>181</ymax>
		</bndbox>
	</object>
</annotation>
