<annotation>
	<folder>perros</folder>
	<filename>perro240.jpg</filename>
	<path>C:\Users\alici\OneDrive\Escritorio\perros\perro240.jpg</path>
	<source>
		<database>Unknown</database>
	</source>
	<size>
		<width>960</width>
		<height>502</height>
		<depth>3</depth>
	</size>
	<segmented>0</segmented>
	<object>
		<name>dog</name>
		<pose>Unspecified</pose>
		<truncated>0</truncated>
		<difficult>0</difficult>
		<bndbox>
			<xmin>238</xmin>
			<ymin>78</ymin>
			<xmax>543</xmax>
			<ymax>446</ymax>
		</bndbox>
	</object>
</annotation>
