<annotation>
	<folder>perros</folder>
	<filename>perro211.jpg</filename>
	<path>C:\Users\alici\OneDrive\Escritorio\perros\perro211.jpg</path>
	<source>
		<database>Unknown</database>
	</source>
	<size>
		<width>118</width>
		<height>210</height>
		<depth>3</depth>
	</size>
	<segmented>0</segmented>
	<object>
		<name>dog</name>
		<pose>Unspecified</pose>
		<truncated>0</truncated>
		<difficult>0</difficult>
		<bndbox>
			<xmin>10</xmin>
			<ymin>42</ymin>
			<xmax>117</xmax>
			<ymax>159</ymax>
		</bndbox>
	</object>
</annotation>
