<annotation>
	<folder>perros</folder>
	<filename>perro221.jpg</filename>
	<path>C:\Users\alici\OneDrive\Escritorio\perros\perro221.jpg</path>
	<source>
		<database>Unknown</database>
	</source>
	<size>
		<width>600</width>
		<height>600</height>
		<depth>3</depth>
	</size>
	<segmented>0</segmented>
	<object>
		<name>dog</name>
		<pose>Unspecified</pose>
		<truncated>0</truncated>
		<difficult>0</difficult>
		<bndbox>
			<xmin>104</xmin>
			<ymin>32</ymin>
			<xmax>530</xmax>
			<ymax>584</ymax>
		</bndbox>
	</object>
</annotation>
