<annotation>
	<folder>perros</folder>
	<filename>perro227.jpg</filename>
	<path>C:\Users\alici\OneDrive\Escritorio\perros\perro227.jpg</path>
	<source>
		<database>Unknown</database>
	</source>
	<size>
		<width>600</width>
		<height>506</height>
		<depth>3</depth>
	</size>
	<segmented>0</segmented>
	<object>
		<name>dog</name>
		<pose>Unspecified</pose>
		<truncated>1</truncated>
		<difficult>0</difficult>
		<bndbox>
			<xmin>37</xmin>
			<ymin>182</ymin>
			<xmax>475</xmax>
			<ymax>506</ymax>
		</bndbox>
	</object>
</annotation>
