<annotation>
	<folder>perro</folder>
	<filename>perro 159.jpg</filename>
	<path>C:\Users\alici\Downloads\perro\perro 159.jpg</path>
	<source>
		<database>Unknown</database>
	</source>
	<size>
		<width>744</width>
		<height>465</height>
		<depth>3</depth>
	</size>
	<segmented>0</segmented>
	<object>
		<name>dog</name>
		<pose>Unspecified</pose>
		<truncated>0</truncated>
		<difficult>0</difficult>
		<bndbox>
			<xmin>393</xmin>
			<ymin>6</ymin>
			<xmax>686</xmax>
			<ymax>445</ymax>
		</bndbox>
	</object>
</annotation>
