<annotation>
	<folder>perro</folder>
	<filename>perro 196.jpg</filename>
	<path>C:\Users\alici\Downloads\perro\perro 196.jpg</path>
	<source>
		<database>Unknown</database>
	</source>
	<size>
		<width>1338</width>
		<height>500</height>
		<depth>3</depth>
	</size>
	<segmented>0</segmented>
	<object>
		<name>dog</name>
		<pose>Unspecified</pose>
		<truncated>1</truncated>
		<difficult>0</difficult>
		<bndbox>
			<xmin>372</xmin>
			<ymin>149</ymin>
			<xmax>1338</xmax>
			<ymax>493</ymax>
		</bndbox>
	</object>
</annotation>
