<annotation>
	<folder>perro</folder>
	<filename>perro 193.jpg</filename>
	<path>C:\Users\alici\Downloads\perro\perro 193.jpg</path>
	<source>
		<database>Unknown</database>
	</source>
	<size>
		<width>750</width>
		<height>404</height>
		<depth>3</depth>
	</size>
	<segmented>0</segmented>
	<object>
		<name>dog</name>
		<pose>Unspecified</pose>
		<truncated>1</truncated>
		<difficult>0</difficult>
		<bndbox>
			<xmin>81</xmin>
			<ymin>65</ymin>
			<xmax>615</xmax>
			<ymax>404</ymax>
		</bndbox>
	</object>
</annotation>
