<annotation>
	<folder>perro</folder>
	<filename>perro 112.jpg</filename>
	<path>C:\Users\alici\Downloads\perro\perro 112.jpg</path>
	<source>
		<database>Unknown</database>
	</source>
	<size>
		<width>183</width>
		<height>275</height>
		<depth>3</depth>
	</size>
	<segmented>0</segmented>
	<object>
		<name>dog</name>
		<pose>Unspecified</pose>
		<truncated>0</truncated>
		<difficult>0</difficult>
		<bndbox>
			<xmin>41</xmin>
			<ymin>70</ymin>
			<xmax>136</xmax>
			<ymax>262</ymax>
		</bndbox>
	</object>
</annotation>
