<annotation>
	<folder>perros</folder>
	<filename>perro249.jpg</filename>
	<path>C:\Users\alici\OneDrive\Escritorio\perros\perro249.jpg</path>
	<source>
		<database>Unknown</database>
	</source>
	<size>
		<width>526</width>
		<height>526</height>
		<depth>3</depth>
	</size>
	<segmented>0</segmented>
	<object>
		<name>dog</name>
		<pose>Unspecified</pose>
		<truncated>0</truncated>
		<difficult>0</difficult>
		<bndbox>
			<xmin>154</xmin>
			<ymin>169</ymin>
			<xmax>264</xmax>
			<ymax>352</ymax>
		</bndbox>
	</object>
</annotation>
