<annotation>
	<folder>perro</folder>
	<filename>perro 118.jpg</filename>
	<path>C:\Users\alici\Downloads\perro\perro 118.jpg</path>
	<source>
		<database>Unknown</database>
	</source>
	<size>
		<width>391</width>
		<height>280</height>
		<depth>3</depth>
	</size>
	<segmented>0</segmented>
	<object>
		<name>dog</name>
		<pose>Unspecified</pose>
		<truncated>0</truncated>
		<difficult>0</difficult>
		<bndbox>
			<xmin>37</xmin>
			<ymin>22</ymin>
			<xmax>311</xmax>
			<ymax>249</ymax>
		</bndbox>
	</object>
</annotation>
