<annotation>
	<folder>perros</folder>
	<filename>perro275.jpg</filename>
	<path>C:\Users\alici\OneDrive\Escritorio\perros\perro275.jpg</path>
	<source>
		<database>Unknown</database>
	</source>
	<size>
		<width>526</width>
		<height>701</height>
		<depth>3</depth>
	</size>
	<segmented>0</segmented>
	<object>
		<name>dog</name>
		<pose>Unspecified</pose>
		<truncated>0</truncated>
		<difficult>0</difficult>
		<bndbox>
			<xmin>41</xmin>
			<ymin>46</ymin>
			<xmax>389</xmax>
			<ymax>695</ymax>
		</bndbox>
	</object>
</annotation>
