<annotation>
	<folder>perro</folder>
	<filename>perro 128.jpg</filename>
	<path>C:\Users\alici\Downloads\perro\perro 128.jpg</path>
	<source>
		<database>Unknown</database>
	</source>
	<size>
		<width>225</width>
		<height>225</height>
		<depth>3</depth>
	</size>
	<segmented>0</segmented>
	<object>
		<name>dog</name>
		<pose>Unspecified</pose>
		<truncated>0</truncated>
		<difficult>0</difficult>
		<bndbox>
			<xmin>55</xmin>
			<ymin>2</ymin>
			<xmax>191</xmax>
			<ymax>182</ymax>
		</bndbox>
	</object>
</annotation>
