<annotation>
	<folder>Perro</folder>
	<filename>perro14.png</filename>
	<path>C:\Users\ethan\OneDrive - Universidad Técnica Federico Santa María\Documentos\Universidad\2021\2021 -Semestre 1\IWG101 P9\Proyecto_Intro\Doggesdelapobla\Clasificador\Dataset\Perro\perro14.png</path>
	<source>
		<database>Unknown</database>
	</source>
	<size>
		<width>1079</width>
		<height>907</height>
		<depth>3</depth>
	</size>
	<segmented>0</segmented>
	<object>
		<name>dog</name>
		<pose>Unspecified</pose>
		<truncated>0</truncated>
		<difficult>0</difficult>
		<bndbox>
			<xmin>41</xmin>
			<ymin>28</ymin>
			<xmax>497</xmax>
			<ymax>464</ymax>
		</bndbox>
	</object>
	<object>
		<name>dog</name>
		<pose>Unspecified</pose>
		<truncated>0</truncated>
		<difficult>0</difficult>
		<bndbox>
			<xmin>588</xmin>
			<ymin>12</ymin>
			<xmax>1047</xmax>
			<ymax>468</ymax>
		</bndbox>
	</object>
	<object>
		<name>dog</name>
		<pose>Unspecified</pose>
		<truncated>1</truncated>
		<difficult>0</difficult>
		<bndbox>
			<xmin>34</xmin>
			<ymin>484</ymin>
			<xmax>469</xmax>
			<ymax>907</ymax>
		</bndbox>
	</object>
	<object>
		<name>dog</name>
		<pose>Unspecified</pose>
		<truncated>0</truncated>
		<difficult>0</difficult>
		<bndbox>
			<xmin>585</xmin>
			<ymin>504</ymin>
			<xmax>1044</xmax>
			<ymax>894</ymax>
		</bndbox>
	</object>
</annotation>
