<annotation>
	<folder>perro</folder>
	<filename>perro 103.png</filename>
	<path>C:\Users\alici\Downloads\perro\perro 103.png</path>
	<source>
		<database>Unknown</database>
	</source>
	<size>
		<width>656</width>
		<height>496</height>
		<depth>3</depth>
	</size>
	<segmented>0</segmented>
	<object>
		<name>dog</name>
		<pose>Unspecified</pose>
		<truncated>0</truncated>
		<difficult>0</difficult>
		<bndbox>
			<xmin>5</xmin>
			<ymin>296</ymin>
			<xmax>191</xmax>
			<ymax>390</ymax>
		</bndbox>
	</object>
	<object>
		<name>dog</name>
		<pose>Unspecified</pose>
		<truncated>1</truncated>
		<difficult>0</difficult>
		<bndbox>
			<xmin>64</xmin>
			<ymin>340</ymin>
			<xmax>513</xmax>
			<ymax>496</ymax>
		</bndbox>
	</object>
</annotation>
