<annotation>
	<folder>perro</folder>
	<filename>perro 131.jpeg</filename>
	<path>C:\Users\alici\Downloads\perro\perro 131.jpeg</path>
	<source>
		<database>Unknown</database>
	</source>
	<size>
		<width>770</width>
		<height>512</height>
		<depth>3</depth>
	</size>
	<segmented>0</segmented>
	<object>
		<name>dog</name>
		<pose>Unspecified</pose>
		<truncated>1</truncated>
		<difficult>0</difficult>
		<bndbox>
			<xmin>4</xmin>
			<ymin>2</ymin>
			<xmax>677</xmax>
			<ymax>512</ymax>
		</bndbox>
	</object>
</annotation>
