<annotation>
	<folder>perro</folder>
	<filename>perro 156.jpg</filename>
	<path>C:\Users\alici\Downloads\perro\perro 156.jpg</path>
	<source>
		<database>Unknown</database>
	</source>
	<size>
		<width>450</width>
		<height>300</height>
		<depth>3</depth>
	</size>
	<segmented>0</segmented>
	<object>
		<name>dog</name>
		<pose>Unspecified</pose>
		<truncated>1</truncated>
		<difficult>0</difficult>
		<bndbox>
			<xmin>148</xmin>
			<ymin>26</ymin>
			<xmax>306</xmax>
			<ymax>300</ymax>
		</bndbox>
	</object>
</annotation>
