<annotation>
	<folder>perros</folder>
	<filename>perro266.jpg</filename>
	<path>C:\Users\alici\OneDrive\Escritorio\perros\perro266.jpg</path>
	<source>
		<database>Unknown</database>
	</source>
	<size>
		<width>441</width>
		<height>600</height>
		<depth>3</depth>
	</size>
	<segmented>0</segmented>
	<object>
		<name>dog</name>
		<pose>Unspecified</pose>
		<truncated>1</truncated>
		<difficult>0</difficult>
		<bndbox>
			<xmin>1</xmin>
			<ymin>114</ymin>
			<xmax>347</xmax>
			<ymax>505</ymax>
		</bndbox>
	</object>
</annotation>
