<annotation>
	<folder>perro</folder>
	<filename>perro 164.jpg</filename>
	<path>C:\Users\alici\Downloads\perro\perro 164.jpg</path>
	<source>
		<database>Unknown</database>
	</source>
	<size>
		<width>300</width>
		<height>168</height>
		<depth>3</depth>
	</size>
	<segmented>0</segmented>
	<object>
		<name>dog</name>
		<pose>Unspecified</pose>
		<truncated>1</truncated>
		<difficult>0</difficult>
		<bndbox>
			<xmin>70</xmin>
			<ymin>56</ymin>
			<xmax>247</xmax>
			<ymax>168</ymax>
		</bndbox>
	</object>
</annotation>
