<annotation>
	<folder>perros</folder>
	<filename>perro277.jpg</filename>
	<path>C:\Users\alici\OneDrive\Escritorio\perros\perro277.jpg</path>
	<source>
		<database>Unknown</database>
	</source>
	<size>
		<width>600</width>
		<height>558</height>
		<depth>3</depth>
	</size>
	<segmented>0</segmented>
	<object>
		<name>dog</name>
		<pose>Unspecified</pose>
		<truncated>0</truncated>
		<difficult>0</difficult>
		<bndbox>
			<xmin>43</xmin>
			<ymin>32</ymin>
			<xmax>430</xmax>
			<ymax>510</ymax>
		</bndbox>
	</object>
</annotation>
